x,y,z,faction
-1.4896808862686157,-6.628687381744385,8.163580894470215,faction2
6.3640336990356445,-4.845052242279053,7.83319091796875,faction2
6.460333824157715,-7.437215805053711,8.155113220214844,faction2
-5.408693313598633,-5.958805561065674,-1.5230979919433594,faction1
1.3384897708892822,-3.055622100830078,7.185976982116699,faction2
-4.824422836303711,2.0784268379211426,2.3318400382995605,faction3
3.311948299407959,-3.9183833599090576,13.296228408813477,faction2
-2.893197774887085,-8.277212142944336,-8.150819778442383,faction1
-3.3387773036956787,1.0301955938339233,-1.5978918075561523,faction1
5.83916711807251,-9.017589569091797,3.29775333404541,faction2
-8.820716857910156,4.82444953918457,2.905430316925049,faction3
-1.8972513675689697,-5.9314985275268555,-3.7727322578430176,faction1
-1.1104086637496948,3.365079164505005,3.892047643661499,faction3
-8.3892183303833,-3.8177685737609863,-1.4388554096221924,faction1
-2.371325969696045,0.27626800537109375,3.563758134841919,faction3
-2.584383964538574,2.84279203414917,3.971745729446411,faction3
-2.8603296279907227,-9.335027694702148,2.0904922485351562,faction1
-6.227036952972412,-0.6838058233261108,-0.8174993991851807,faction1
2.900998115539551,-3.3128490447998047,8.122795104980469,faction2
-9.137073516845703,8.270111083984375,10.085760116577148,faction3
-1.1874170303344727,-3.709113359451294,-2.723964214324951,faction1
-2.153388023376465,4.992588520050049,8.435273170471191,faction3
-1.144298791885376,3.1328229904174805,10.28007698059082,faction3
-4.874114036560059,-5.533932685852051,2.320707082748413,faction1
-0.18561649322509766,-5.579644680023193,11.210123062133789,faction2
-8.51867389678955,6.106836318969727,1.1819710731506348,faction3
-8.103221893310547,0.8103669881820679,10.480791091918945,faction3
-0.04005599021911621,-4.825045585632324,10.40218448638916,faction2
-5.009766578674316,7.908166408538818,1.1764135360717773,faction3
3.3194212913513184,-3.961109161376953,6.208346366882324,faction2
-1.4242194890975952,-9.066327095031738,-8.369475364685059,faction1
-0.5724056959152222,5.483545303344727,8.658401489257812,faction3
-4.931573867797852,-4.473989486694336,-1.724698781967163,faction1
0.01904773712158203,-6.972861289978027,-2.151960849761963,faction1
0.6951038837432861,-2.575493812561035,-0.10784387588500977,faction1
-0.0014024972915649414,-5.278609752655029,8.746186256408691,faction2
-5.013782024383545,6.78391170501709,13.065293312072754,faction3
-6.561779975891113,-0.22924315929412842,6.268373966217041,faction3
1.105989694595337,-2.5061354637145996,-6.641829490661621,faction1
-6.403620719909668,-9.23788833618164,-2.063206195831299,faction1
0.5776200294494629,-9.9454927444458,10.791598320007324,faction2
-2.374948740005493,-11.328436851501465,10.20966911315918,faction2
1.4430294036865234,-5.260796546936035,-5.886477470397949,faction1
5.814510345458984,-3.9189438819885254,9.669820785522461,faction2
-1.2420927286148071,-9.858772277832031,4.543830871582031,faction2
4.615772247314453,-3.4409773349761963,12.518148422241211,faction2
4.771217346191406,-11.058185577392578,9.34457778930664,faction2
-2.402086019515991,-0.8254098892211914,1.5381193161010742,faction1
-2.550755739212036,4.1799821853637695,7.970418453216553,faction3
-4.252830505371094,-0.8206628561019897,-4.892334938049316,faction1
7.473426818847656,-3.7625789642333984,9.284738540649414,faction2
3.0335450172424316,-5.979899883270264,4.458322525024414,faction2
-4.199293613433838,-9.697589874267578,1.5821268558502197,faction1
-1.4560036659240723,-2.4610705375671387,-2.8356339931488037,faction1
-3.4604361057281494,-4.644844055175781,-8.198241233825684,faction1
2.188746690750122,-13.440437316894531,7.806215286254883,faction2
-1.9410653114318848,-6.845109939575195,-2.2866010665893555,faction1
-3.940401315689087,-8.529635429382324,-1.5923762321472168,faction1
-5.7521257400512695,-11.504127502441406,-1.6030497550964355,faction1
0.755530595779419,-8.342691421508789,7.939912796020508,faction2
-2.543696165084839,-7.433143615722656,-7.645246505737305,faction1
-1.289060115814209,-8.376850128173828,3.0302164554595947,faction2
0.46297240257263184,-12.970890045166016,9.687982559204102,faction2
-2.4754834175109863,1.4905667304992676,10.985574722290039,faction3
-5.9310808181762695,8.600805282592773,4.187991619110107,faction3
-1.621778964996338,-0.018341422080993652,4.961337566375732,faction3
1.3602166175842285,-3.9660532474517822,2.1154987812042236,faction2
-0.7098131775856018,-4.402161598205566,1.7481428384780884,faction1
-4.9512715339660645,2.490755558013916,11.868736267089844,faction3
3.353271007537842,-4.497636795043945,8.596171379089355,faction2
-8.074956893920898,4.800971984863281,5.035974502563477,faction3
-3.073869228363037,-3.701162338256836,-1.4413412809371948,faction1
-6.142453670501709,2.0780434608459473,4.789915561676025,faction3
-2.674489974975586,-8.554701805114746,-6.636325836181641,faction1
-1.6613335609436035,7.231051445007324,8.999842643737793,faction3
1.8847198486328125,-13.419329643249512,5.731899261474609,faction2
-0.6383059024810791,-10.07126522064209,10.82012939453125,faction2
4.490720272064209,-4.346507549285889,12.525958061218262,faction2
-0.9306561946868896,-7.818118095397949,-3.697782039642334,faction1
-1.95078444480896,-10.173502922058105,-6.3788228034973145,faction1
-4.481735706329346,-1.533341407775879,7.160451889038086,faction3
-3.7733428478240967,-8.363615036010742,7.869889259338379,faction2
-1.5530236959457397,-9.02428150177002,3.131732225418091,faction2
1.4281975030899048,-8.2003173828125,-0.5002415180206299,faction1
-4.896671772003174,-5.834479331970215,2.85581636428833,faction1
3.6336233615875244,-11.692288398742676,8.497748374938965,faction2
-8.15097713470459,-2.873307466506958,-2.6104960441589355,faction1
-6.8756489753723145,-2.904738664627075,-1.2954962253570557,faction1
2.293056011199951,-12.001404762268066,4.65125036239624,faction2
-7.502559185028076,-0.9083207845687866,7.7010674476623535,faction3
-5.441084861755371,4.870349884033203,1.3039432764053345,faction3
-2.7512311935424805,-9.27355670928955,1.404883623123169,faction1
-0.7972686886787415,4.087899684906006,3.7681567668914795,faction3
-3.0018835067749023,-9.290607452392578,-4.5224385261535645,faction1
-5.556841850280762,-5.013272285461426,0.36596328020095825,faction1
-2.62870192527771,-9.527609825134277,-8.290323257446289,faction1
-0.40843844413757324,6.231625556945801,4.239433765411377,faction3
-6.074807167053223,6.0842742919921875,13.116880416870117,faction3
-3.8806557655334473,6.965318202972412,3.121267795562744,faction3
-3.5722594261169434,-6.123420715332031,-4.511132717132568,faction1
-6.031575679779053,-6.991705894470215,-6.345302104949951,faction1
-3.3632540702819824,8.062934875488281,2.284017324447632,faction3
6.177336692810059,-3.044034957885742,5.744494438171387,faction2
1.352013349533081,-5.679123878479004,7.411149978637695,faction2
3.083366870880127,-1.528698444366455,3.578749656677246,faction2
-0.7483060359954834,-3.4430222511291504,8.967127799987793,faction2
3.5912551879882812,-8.04374885559082,3.0495331287384033,faction2
-5.734312057495117,-2.279660701751709,0.3951709270477295,faction1
-4.7357587814331055,-7.708599090576172,-3.27852463722229,faction1
-4.028843879699707,1.5105433464050293,8.816909790039062,faction3
-3.3274033069610596,-9.605417251586914,-6.921866416931152,faction1
-5.279669761657715,-10.374889373779297,-0.6867433190345764,faction1
1.214076042175293,-3.6863815784454346,-4.529170036315918,faction1
3.9965314865112305,-11.616477966308594,4.163900375366211,faction2
2.836148977279663,-4.181083679199219,3.193145513534546,faction2
-2.5414159297943115,-8.206769943237305,-5.674036026000977,faction1
6.190131187438965,-7.873133182525635,10.753798484802246,faction2
-4.463476181030273,3.2957935333251953,11.299185752868652,faction3
0.5631320476531982,-11.812811851501465,8.120747566223145,faction2
0.22214841842651367,-10.039134979248047,-0.2290847897529602,faction1
6.6312055587768555,-4.73607873916626,8.499582290649414,faction2
4.633176326751709,-7.458586692810059,7.251975059509277,faction2
-5.915864944458008,7.035943984985352,12.045866012573242,faction3
-6.891600608825684,9.990893363952637,3.853889226913452,faction3
-10.384054183959961,0.6963684558868408,4.350272178649902,faction3
4.882745265960693,-11.159370422363281,3.973266839981079,faction2
-10.387862205505371,2.489103078842163,1.5806670188903809,faction3
1.3342111110687256,-10.835771560668945,3.2159013748168945,faction2
-5.496901988983154,-8.140827178955078,-5.56165885925293,faction1
-3.127366542816162,-1.9643056392669678,-3.5027904510498047,faction1
-4.8957014083862305,11.363924026489258,5.353734016418457,faction3
-0.004430413246154785,-5.832363128662109,-2.517268180847168,faction1
-0.9491156935691833,-5.3312788009643555,-9.31295394897461,faction1
2.6555399894714355,-6.4535908699035645,0.8811745643615723,faction2
-3.271580696105957,-6.424041748046875,-1.5383721590042114,faction1
-2.3739125728607178,3.6510367393493652,11.084795951843262,faction3
-1.9872257709503174,-4.643035888671875,2.9669885635375977,faction2
-6.969391822814941,-6.925520420074463,-3.448380708694458,faction1
2.6196727752685547,-6.24837064743042,-1.3902089595794678,faction1
7.569240570068359,-6.560323715209961,8.539775848388672,faction2
-0.7641819715499878,-5.326544761657715,1.8477532863616943,faction2
3.424576759338379,-1.9082062244415283,6.397931098937988,faction2
0.3773401379585266,-0.2691270112991333,7.835674285888672,faction2
5.086753845214844,-7.028500556945801,5.185794830322266,faction2
-3.5629186630249023,-6.147851943969727,-3.750537157058716,faction1
3.240116596221924,-12.592228889465332,5.860642433166504,faction2
-5.33287239074707,-4.895743370056152,-5.245630264282227,faction1
-3.07138729095459,-5.965653419494629,7.131522178649902,faction2
-9.736405372619629,4.3315935134887695,0.9792219400405884,faction3
-0.33811450004577637,-8.414939880371094,5.770898818969727,faction2
-4.678616523742676,-0.6273576021194458,4.701540946960449,faction3
-0.9244298934936523,-5.586352348327637,0.18166065216064453,faction1
-0.6876320838928223,-11.589563369750977,6.648107528686523,faction2
-5.482671737670898,5.186712741851807,8.179159164428711,faction3
4.598731994628906,-9.147706031799316,1.9132599830627441,faction2
3.5050806999206543,-9.685745239257812,6.228234767913818,faction2
-3.9661974906921387,8.699531555175781,2.292475461959839,faction3
1.5585358142852783,-8.523309707641602,10.01958179473877,faction2
2.7787623405456543,-7.943713188171387,-1.999037265777588,faction1
-3.197436571121216,7.445135116577148,2.8062210083007812,faction3
-4.6774582862854,10.382339477539062,9.8937349319458,faction3
-6.886018753051758,10.074796676635742,10.778692245483398,faction3
4.685829162597656,-11.171052932739258,5.885647773742676,faction2
-4.73936653137207,0.7595574855804443,6.375931739807129,faction3
4.355831146240234,-8.662124633789062,1.524557113647461,faction2
-2.6256730556488037,-8.439186096191406,9.168693542480469,faction2
-2.446613311767578,3.4446966648101807,7.639467716217041,faction3
3.6803526878356934,-7.677081108093262,8.780664443969727,faction2
-4.957168102264404,-5.679638385772705,-0.24501478672027588,faction1
-3.4822440147399902,-11.250842094421387,-2.8758761882781982,faction1
-3.7761216163635254,7.818455696105957,11.561234474182129,faction3
-1.5968289375305176,0.17437505722045898,-4.342306137084961,faction1
-4.320125579833984,-5.51441764831543,0.16589736938476562,faction1
1.1462397575378418,-2.4800498485565186,10.145418167114258,faction2
-6.2940673828125,10.693135261535645,4.2939887046813965,faction3
-6.588621616363525,-4.07357120513916,-0.6863657236099243,faction1
2.376275062561035,-10.142303466796875,9.74862003326416,faction2
-2.901200771331787,3.4317336082458496,3.7617733478546143,faction3
1.257971167564392,-5.694921493530273,-8.132410049438477,faction1
5.188021659851074,-1.766657829284668,6.973797798156738,faction2
-5.755629539489746,-2.1437249183654785,-3.6993234157562256,faction1
7.2881760597229,-9.16407299041748,9.094563484191895,faction2
-0.8545911908149719,-1.7150133848190308,5.337315082550049,faction2
-3.517204761505127,5.538991928100586,2.0640077590942383,faction3
-6.78542423248291,8.655668258666992,4.441631317138672,faction3
-6.7449951171875,10.187291145324707,2.94828462600708,faction3
-2.097700595855713,-10.277766227722168,-6.104938507080078,faction1
0.5003498792648315,-8.651717185974121,-1.1599247455596924,faction1
-2.9209418296813965,-5.662286758422852,-9.749979972839355,faction1
-1.484248399734497,-8.464822769165039,-2.574847936630249,faction1
-8.558786392211914,1.6763062477111816,2.76114559173584,faction3
-7.177021503448486,-9.343707084655762,-1.6166362762451172,faction1
-9.961467742919922,-5.49289608001709,-2.906503200531006,faction1
-3.945298194885254,-9.41214656829834,0.6458884477615356,faction1
-4.524508953094482,-1.4659862518310547,-5.883151054382324,faction1
2.905437469482422,-10.798053741455078,9.348258972167969,faction2
-3.6460819244384766,-8.624086380004883,7.095714569091797,faction2
-10.977163314819336,4.176015853881836,7.848003387451172,faction3
3.7714743614196777,-9.329824447631836,4.441110610961914,faction2
-9.663634300231934,9.698055267333984,3.591040849685669,faction3
-1.445097804069519,-10.523984909057617,-0.8283165097236633,faction1
-3.981708526611328,-6.44672966003418,-10.050491333007812,faction1
-3.0774245262145996,-7.084999084472656,0.1876518726348877,faction1
-8.60089111328125,6.489771842956543,11.001733779907227,faction3
-6.2995476722717285,-0.9114395380020142,9.588640213012695,faction3
2.5509235858917236,-3.1708617210388184,7.958927154541016,faction2
3.2122244834899902,-0.2545912265777588,6.615737438201904,faction2
-0.7089012861251831,-4.767392635345459,-5.680725574493408,faction1
-4.796125888824463,2.134079933166504,6.221966743469238,faction3
-4.979258060455322,-5.94888162612915,-1.6785838603973389,faction1
-2.8172731399536133,-1.783400058746338,-5.595150947570801,faction1
1.3594331741333008,-9.120529174804688,3.725593328475952,faction2
-4.6039252281188965,-5.874626636505127,-5.638678550720215,faction1
-7.481107711791992,-10.104440689086914,-1.9632461071014404,faction1
-0.8536274433135986,-11.31503963470459,11.843733787536621,faction2
1.3082211017608643,-1.7938660383224487,-6.664072036743164,faction1
-6.431557655334473,6.407330513000488,8.02359390258789,faction3
-1.6780095100402832,-8.562870025634766,-8.13569450378418,faction1
-8.977495193481445,1.4434908628463745,9.604731559753418,faction3
-7.604454040527344,4.203222274780273,5.670166969299316,faction3
-6.3266377449035645,-5.490201473236084,0.42549121379852295,faction1
-9.155463218688965,6.111807823181152,6.900485992431641,faction3
-1.8372724056243896,-12.378972053527832,7.5477447509765625,faction2
-6.568270683288574,-0.304797887802124,2.1083829402923584,faction3
-0.34864914417266846,-2.426323413848877,1.6758356094360352,faction1
7.530858039855957,-6.7123212814331055,3.9767842292785645,faction2
1.9742352962493896,-5.223269462585449,10.85191535949707,faction2
-5.56643009185791,5.893362998962402,5.964743614196777,faction3
-2.0457375049591064,-3.1744914054870605,-3.6318395137786865,faction1
-7.179901123046875,-5.237095832824707,-8.168327331542969,faction1
-4.885566711425781,-0.02314317226409912,10.942644119262695,faction3
-4.817514419555664,2.304980754852295,8.767841339111328,faction3
5.869504928588867,-10.572101593017578,4.044731140136719,faction2
0.6502463817596436,-10.178305625915527,2.0462536811828613,faction2
-4.917238712310791,-0.9208106994628906,-1.6754132509231567,faction1
-4.939645767211914,7.0742597579956055,0.8582861423492432,faction3
-4.383286476135254,-6.892366886138916,2.7228288650512695,faction1
-5.251983642578125,8.009283065795898,3.096503496170044,faction3
-6.801447868347168,-2.985072612762451,-2.5872340202331543,faction1
-9.319217681884766,8.505284309387207,4.364816665649414,faction3
-4.643986701965332,6.027555465698242,2.082831382751465,faction3
-2.7248411178588867,-2.1811652183532715,7.850207328796387,faction2
-6.67987585067749,-10.624602317810059,-2.0428342819213867,faction1
-8.55402660369873,-9.457998275756836,-3.1182713508605957,faction1
0.07820862531661987,-7.460479259490967,10.364947319030762,faction2
1.128528356552124,-6.839585781097412,12.515434265136719,faction2
-5.663414001464844,4.831884384155273,11.848186492919922,faction3
-8.887171745300293,-2.8847923278808594,-6.0258378982543945,faction1
-1.721588373184204,-0.17188167572021484,-3.346390724182129,faction1
-6.035386085510254,8.040489196777344,12.470226287841797,faction3
-1.1839503049850464,-6.00701379776001,2.0505638122558594,faction1
-6.460602760314941,-6.85845947265625,-3.3368163108825684,faction1
-6.8089799880981445,-0.704825758934021,-1.6203999519348145,faction1
-6.525301933288574,-2.7690622806549072,0.2985273599624634,faction1
-7.260354042053223,-9.4188814163208,-4.887228012084961,faction1
0.8903521299362183,-0.5944290161132812,-3.3169760704040527,faction1
-5.12703800201416,5.228797435760498,5.489596366882324,faction3
-0.3306582570075989,4.871560573577881,4.376360893249512,faction3
-1.4152429103851318,8.688024520874023,7.746991157531738,faction3
1.2362432479858398,-1.8343682289123535,-4.6215291023254395,faction1
6.084787368774414,-9.679316520690918,4.1879401206970215,faction2
-0.9913113117218018,-1.4749298095703125,9.573493957519531,faction2
5.304361343383789,-6.135690212249756,10.236302375793457,faction2
-6.577894687652588,9.950289726257324,3.29374361038208,faction3
-5.60222053527832,8.201610565185547,2.205223560333252,faction3
-2.3465723991394043,10.207712173461914,6.426054954528809,faction3
0.053250789642333984,-11.63614273071289,11.73047161102295,faction2
-8.744962692260742,5.425038814544678,7.919604301452637,faction3
0.10650813579559326,-8.201963424682617,13.315988540649414,faction2
-5.017258644104004,-1.26091730594635,3.477170944213867,faction3
-3.277899742126465,2.842761993408203,8.534168243408203,faction3
-3.577317714691162,-8.79567813873291,9.938359260559082,faction2
-10.22584342956543,1.2120715379714966,3.3924999237060547,faction3
-8.172568321228027,7.128879547119141,11.367840766906738,faction3
-2.885563611984253,0.6648192405700684,-3.1142373085021973,faction1
-0.3064935803413391,-11.671178817749023,9.033832550048828,faction2
3.7685630321502686,-8.215936660766602,1.6771763563156128,faction2
-0.2186908721923828,-2.3225162029266357,4.020960807800293,faction2
-0.011297106742858887,2.406492233276367,8.629905700683594,faction3
0.12595510482788086,-6.359921932220459,2.728463649749756,faction2
-6.187246322631836,-5.225951671600342,0.9960627555847168,faction1
-4.943413257598877,-3.2008275985717773,-7.648337364196777,faction1
-0.28689515590667725,-8.769224166870117,-8.362722396850586,faction1
-0.6554911136627197,-3.514434814453125,-8.51197624206543,faction1
-4.684346675872803,8.557999610900879,6.659604072570801,faction3
-7.69677734375,4.356228828430176,9.235069274902344,faction3
2.654597282409668,-7.305367469787598,12.711073875427246,faction2
-0.8225821256637573,-9.278396606445312,9.27846622467041,faction2
1.4041030406951904,-2.243489980697632,7.29601526260376,faction2
-4.34419059753418,-4.662271499633789,9.426506996154785,faction2
2.578683614730835,-11.251720428466797,5.290639400482178,faction2
-4.699399948120117,-7.261896133422852,7.2365522384643555,faction2
2.8820364475250244,-9.37093734741211,13.877159118652344,faction2
1.0215034484863281,-1.735221266746521,0.30638444423675537,faction1
6.1832380294799805,-7.426754951477051,4.812776565551758,faction2
6.444746494293213,-2.973587989807129,4.840692520141602,faction2
-9.854305267333984,-5.346898555755615,-2.4582931995391846,faction1
-1.8506476879119873,-10.29262638092041,4.567046165466309,faction2
-1.0939923524856567,-0.6527022123336792,8.25944709777832,faction2
-3.1672072410583496,-8.507559776306152,10.166293144226074,faction2
3.015537738800049,-7.3845109939575195,5.702301979064941,faction2
-5.014812469482422,7.2154741287231445,11.058425903320312,faction3
-7.003044128417969,5.585196495056152,7.996150493621826,faction3
-9.422170639038086,7.6988701820373535,1.959104061126709,faction3
-0.09792149066925049,-3.1419243812561035,-6.227662086486816,faction1
3.0282249450683594,-1.003759741783142,9.554535865783691,faction2
-6.000788688659668,-1.2781333923339844,-6.668286323547363,faction1
5.47418212890625,-6.733736038208008,9.614372253417969,faction2
-2.133788824081421,1.792553186416626,3.0334970951080322,faction3
-1.7023296356201172,5.135554313659668,3.543206214904785,faction3
-10.118612289428711,5.071580410003662,1.8238853216171265,faction3
-8.695150375366211,3.2856392860412598,6.095215797424316,faction3
-6.544079780578613,-5.414081573486328,-3.559779644012451,faction1
-8.66321086883545,1.422326683998108,9.390636444091797,faction3
-5.720966815948486,-6.034031867980957,-1.8308002948760986,faction1
-0.0050983428955078125,-10.269227981567383,11.834685325622559,faction2
3.412280559539795,-5.219484329223633,3.5918853282928467,faction2
-12.650956153869629,6.725594997406006,6.968626499176025,faction3
-6.321254730224609,3.4611833095550537,7.466061115264893,faction3
-3.360947370529175,5.729972839355469,10.123737335205078,faction3
-9.341283798217773,8.378313064575195,5.6659650802612305,faction3
-4.299169063568115,-8.308643341064453,-1.2495818138122559,faction1
-3.973154306411743,3.161679744720459,10.268771171569824,faction3
6.036161422729492,-5.350154876708984,12.787717819213867,faction2
-4.758461952209473,-1.4595460891723633,0.9732897281646729,faction1
1.7104049921035767,-2.3678669929504395,-0.6400017738342285,faction1
1.730117678642273,-5.831470489501953,4.358698844909668,faction2
-5.774328708648682,3.672847270965576,9.94190788269043,faction3
-4.717106342315674,-1.6620569229125977,4.293474197387695,faction3
-7.693362236022949,2.909573554992676,11.08497428894043,faction3
2.601341724395752,-4.580296516418457,-5.601502418518066,faction1
-5.1994547843933105,-1.9933421611785889,-3.6565468311309814,faction1
-4.2093939781188965,3.8469717502593994,10.559389114379883,faction3
0.34437572956085205,-7.0844831466674805,0.6905455589294434,faction1
-10.316350936889648,0.5389035940170288,5.7664594650268555,faction3
2.8324849605560303,-7.767360687255859,-4.620286464691162,faction1
3.699552059173584,-5.2484259605407715,12.398548126220703,faction2
5.212631702423096,-12.676474571228027,8.297969818115234,faction2
-6.1500139236450195,-7.747098445892334,-6.433117389678955,faction1
-3.5115180015563965,-2.3769664764404297,-7.7284722328186035,faction1
-5.4189372062683105,6.919101238250732,1.908637523651123,faction3
-3.498591423034668,-7.8731536865234375,-9.769822120666504,faction1
-2.498685598373413,-5.869795799255371,11.93881893157959,faction2
-5.92337703704834,-8.517956733703613,2.349674701690674,faction1
0.12595510482788086,-6.359921932220459,2.728463649749756,faction1
-10.53628158569336,7.697910308837891,6.410427093505859,faction3
1.0584840774536133,-2.767720937728882,-7.112462043762207,faction1
-6.325705528259277,-9.641860961914062,-0.7782189846038818,faction1
5.036651611328125,-4.645150661468506,7.937509536743164,faction2
2.00095534324646,-3.7652947902679443,0.2456120252609253,faction1
-5.4412736892700195,4.4775004386901855,2.768519878387451,faction3
-6.239727020263672,-6.242524147033691,-8.182269096374512,faction1
0.94817054271698,-2.445216655731201,8.371170043945312,faction2
-5.217700958251953,-8.061586380004883,-4.044795989990234,faction1
-12.05278205871582,6.42833948135376,5.719271659851074,faction3
-1.1466786861419678,-7.413256645202637,1.7597050666809082,faction2
-3.6433329582214355,5.724259376525879,10.545307159423828,faction3
-0.058261871337890625,-8.791479110717773,-0.8285174369812012,faction1
-4.473757743835449,-6.645434379577637,-4.836725234985352,faction1
-10.264298439025879,-0.43157362937927246,6.141416549682617,faction3
-3.969165802001953,-3.847627878189087,-1.840852975845337,faction1
0.6401495933532715,-10.472247123718262,11.676636695861816,faction2
1.3084795475006104,-5.550797939300537,12.94073486328125,faction2
-1.6218316555023193,-0.6937083005905151,-4.148481369018555,faction1
-2.8840253353118896,-6.204793453216553,3.360588788986206,faction1
-6.508260726928711,9.176919937133789,5.161772727966309,faction3
5.524959087371826,-11.43311882019043,6.4022111892700195,faction2
-5.906982898712158,-9.085884094238281,-3.7576611042022705,faction1
-3.4448633193969727,-6.549532413482666,2.830685615539551,faction1
3.5178184509277344,-6.57534122467041,8.238147735595703,faction2
5.694042682647705,-6.952844142913818,3.1866326332092285,faction2
-5.385802745819092,0.8109959363937378,9.265460968017578,faction3
-6.3141584396362305,10.27046012878418,7.852425575256348,faction3
4.023805618286133,-7.108222961425781,2.351519823074341,faction2
-12.005598068237305,6.024895668029785,5.797090530395508,faction3
-3.573786973953247,4.652790069580078,6.077417850494385,faction3
-3.194981098175049,5.418933868408203,1.5711114406585693,faction3
2.077136993408203,-6.518166542053223,7.022106170654297,faction2
-4.802552700042725,-1.9291760921478271,-1.2434868812561035,faction1
-6.229056358337402,0.7569506168365479,5.918685436248779,faction3
-5.242885589599609,2.6849427223205566,4.935988426208496,faction3
0.2888374328613281,-0.8661248683929443,10.81685733795166,faction2
1.6911708116531372,-7.0352349281311035,13.463397026062012,faction2
-11.705541610717773,1.8641830682754517,8.053924560546875,faction3
-4.321835041046143,-0.3087695837020874,9.474605560302734,faction3
0.6044769287109375,-9.97993278503418,-1.0672435760498047,faction1
-7.6732611656188965,-2.4864161014556885,-3.2580549716949463,faction1
-1.790506362915039,-10.743556022644043,3.557738780975342,faction2
-4.315409183502197,9.21065616607666,9.268671035766602,faction3
-1.4270246028900146,-9.030352592468262,-4.600897312164307,faction1
-0.21218472719192505,-5.939613342285156,0.8954015970230103,faction1
1.197660207748413,-8.518798828125,8.0949068069458,faction2
-8.097728729248047,7.670653820037842,5.868593215942383,faction3
6.723933219909668,-5.061245918273926,10.203283309936523,faction2
-3.8874967098236084,2.8658642768859863,3.0422074794769287,faction3
-7.588605880737305,-3.4122090339660645,0.034150540828704834,faction1
-0.9498808979988098,-0.3263481855392456,-2.3983678817749023,faction1
-1.6525540351867676,-9.124007225036621,-7.290314674377441,faction1
3.6334338188171387,-5.958251953125,5.4829936027526855,faction2
-12.212512969970703,5.198131084442139,7.106561183929443,faction3
-7.494669437408447,-1.8600109815597534,-4.025111675262451,faction1
-7.875606536865234,-0.42403388023376465,9.457564353942871,faction3
-0.6886895895004272,-9.561789512634277,3.9287843704223633,faction2
-3.059257984161377,-5.963623523712158,-3.288754940032959,faction1
-4.722442626953125,-8.549365043640137,6.431761741638184,faction2
1.4842305183410645,-11.257743835449219,8.107024192810059,faction2
-11.913359642028809,5.075135231018066,7.559771537780762,faction3
-5.797767639160156,0.9980634450912476,8.551130294799805,faction3
-0.7229815721511841,8.91791820526123,5.925902843475342,faction3
-1.8014304637908936,-10.197954177856445,7.630154609680176,faction2
-9.61337661743164,3.6967766284942627,6.097788333892822,faction3
-5.369457721710205,3.477757215499878,2.6102137565612793,faction3
-1.2733404636383057,-10.553792953491211,-0.24691414833068848,faction1
-5.002989768981934,8.039112091064453,6.786889553070068,faction3
-0.9592375755310059,-2.2221460342407227,-4.433266639709473,faction1
-6.031766891479492,0.9048595428466797,2.9452409744262695,faction3
1.3233602046966553,-5.350605010986328,14.26754093170166,faction2
-4.010776519775391,-7.6378936767578125,10.693192481994629,faction2
4.744344711303711,-3.512159824371338,5.5843586921691895,faction2
6.691153049468994,-10.398035049438477,8.064739227294922,faction2
-5.345040321350098,8.413528442382812,6.187288761138916,faction3
-0.6665632724761963,5.698951244354248,6.563243389129639,faction3
5.219756603240967,-5.484561920166016,9.863536834716797,faction2
0.5656623840332031,-2.8501293659210205,6.846594333648682,faction2
-8.104290962219238,3.613034963607788,11.215624809265137,faction3
-5.58754825592041,-1.847458839416504,7.735294342041016,faction3
-2.1392204761505127,5.527533054351807,10.841825485229492,faction3
-12.243195533752441,4.767284870147705,6.596292018890381,faction3
0.506248950958252,-8.578370094299316,14.090080261230469,faction2
-3.126390218734741,3.283677816390991,10.305131912231445,faction3
-1.864166498184204,-3.6517367362976074,11.397117614746094,faction2
-6.708545207977295,-8.954511642456055,-6.974516868591309,faction1
1.5193089246749878,-10.582895278930664,9.756004333496094,faction2
1.8723653554916382,-3.676021099090576,-1.3101933002471924,faction1
-2.18399977684021,-11.400339126586914,-1.8928240537643433,faction1
5.56942081451416,-11.28940200805664,6.064495086669922,faction2
-4.516162395477295,-8.456716537475586,6.068707466125488,faction2
7.562023162841797,-8.386805534362793,7.076844215393066,faction2
-1.3571056127548218,-4.8687424659729,-6.906954288482666,faction1
-9.785385131835938,2.0897555351257324,10.425307273864746,faction3
-4.354320526123047,-8.216272354125977,-9.362042427062988,faction1
-10.268491744995117,0.07852458953857422,6.933063507080078,faction3
6.562144756317139,-5.015571594238281,9.353647232055664,faction2
-3.9598257541656494,-0.8407186269760132,-5.6707868576049805,faction1
0.17907488346099854,7.421907424926758,6.10884952545166,faction3
1.5805726051330566,-9.65022087097168,7.160894393920898,faction2
-10.893503189086914,5.231551170349121,1.873154878616333,faction3
3.483661413192749,-7.220947265625,-4.008298873901367,faction1
-0.44633936882019043,-12.40505313873291,9.988241195678711,faction2
2.2458364963531494,-3.772761821746826,-0.11995506286621094,faction1
1.4631702899932861,-4.319465637207031,1.0183491706848145,faction1
-2.7916531562805176,10.010570526123047,6.6525349617004395,faction3
0.6527862548828125,-4.387160301208496,-1.157381296157837,faction1
-7.942631721496582,-7.193638801574707,-2.7464654445648193,faction1
2.500810384750366,-10.945341110229492,2.5508193969726562,faction2
0.037774622440338135,-2.645876407623291,4.318290710449219,faction2
-0.8286149501800537,-3.695134401321411,7.779623985290527,faction2
-0.3253290057182312,-2.7426624298095703,-5.71041202545166,faction1
-7.929210186004639,0.9096859693527222,4.139145851135254,faction3
-8.715509414672852,10.205574989318848,5.18697452545166,faction3
-10.614334106445312,5.469936370849609,11.553812026977539,faction3
-7.5278706550598145,3.84860897064209,9.286795616149902,faction3
-2.062687635421753,-6.310826301574707,9.809955596923828,faction2
5.662298679351807,-9.527057647705078,2.8317461013793945,faction2
-3.522991180419922,6.217695236206055,0.2073347568511963,faction3
-0.6432340145111084,-5.199982166290283,-9.023632049560547,faction1
-9.346765518188477,9.592111587524414,9.537179946899414,faction3
-7.167200088500977,2.5217442512512207,6.5132365226745605,faction3
6.599230766296387,-9.837316513061523,11.39741325378418,faction2
1.720060110092163,-2.635749578475952,0.3049396276473999,faction1
-0.781074047088623,-11.557231903076172,-1.3346600532531738,faction1
5.250647068023682,-10.644621849060059,7.432852268218994,faction2
-8.497627258300781,2.4782140254974365,7.326236724853516,faction3
-3.430272102355957,-4.1816487312316895,-7.619290351867676,faction1
-11.529034614562988,5.859261512756348,2.469804286956787,faction3
-2.5044898986816406,4.955116271972656,12.404298782348633,faction3
3.4287023544311523,-6.35359001159668,-1.8459692001342773,faction1
1.9073975086212158,-5.623597145080566,10.049234390258789,faction2
4.2863922119140625,-1.9689199924468994,5.014979362487793,faction2
0.6290156841278076,-10.043971061706543,-5.167880058288574,faction1
-11.04057788848877,1.7971551418304443,3.8492722511291504,faction3
3.630268096923828,-10.236970901489258,9.694985389709473,faction2
3.432821035385132,-12.592062950134277,8.704887390136719,faction2
3.01444673538208,-9.528736114501953,2.849282741546631,faction2
-8.102778434753418,6.328489303588867,1.1317565441131592,faction3
-8.880409240722656,1.9125142097473145,8.911823272705078,faction3
-9.803579330444336,0.8200221061706543,5.882834434509277,faction3
3.568049907684326,-5.794867515563965,12.12918472290039,faction2
-3.6534907817840576,-7.999410629272461,-7.408522129058838,faction1
-10.95719051361084,7.275967597961426,4.835351943969727,faction3
1.3161910772323608,-11.770915985107422,9.8822660446167,faction2
-3.7741506099700928,-3.596449375152588,-3.1950488090515137,faction1
-4.926858901977539,1.5857850313186646,5.338901519775391,faction3
-3.1599185466766357,-6.971399784088135,1.7916154861450195,faction1
-2.4171462059020996,5.933629512786865,8.462895393371582,faction3
-2.2816882133483887,-6.021064758300781,7.494420528411865,faction2
-5.037356853485107,-0.668332576751709,6.526699542999268,faction3
-6.076159477233887,-8.15760326385498,-0.22770309448242188,faction1
-3.9190890789031982,8.347261428833008,2.520536184310913,faction3
-7.944677352905273,7.0077314376831055,4.215941905975342,faction3
-2.0310487747192383,4.530585289001465,10.867116928100586,faction3
4.493874549865723,-11.056337356567383,12.202261924743652,faction2
1.2346632480621338,-4.069733619689941,13.598858833312988,faction2
1.1921303272247314,-7.0647759437561035,-2.910712242126465,faction1
6.717405796051025,-7.7120890617370605,12.292346954345703,faction2
-2.2112951278686523,-0.11628055572509766,-2.111420154571533,faction1
-0.8163192272186279,-9.240306854248047,1.152613878250122,faction1
-0.41710126399993896,-11.648082733154297,11.73447322845459,faction2
0.7947629690170288,-6.885440826416016,3.836719036102295,faction2
-4.163918495178223,-4.284857749938965,0.7710528373718262,faction1
-5.040019989013672,2.7551751136779785,2.5414321422576904,faction3
3.993812322616577,-4.853742599487305,10.251321792602539,faction2
-9.072200775146484,-6.3398542404174805,-3.0169429779052734,faction1
-5.458994388580322,6.571163177490234,6.232892990112305,faction3
-2.9536664485931396,-4.750304222106934,6.419672966003418,faction2
-9.166692733764648,8.39217472076416,3.2740652561187744,faction3
-7.0249223709106445,1.3113532066345215,1.0466712713241577,faction3
-3.913274049758911,-5.19451904296875,-1.088294267654419,faction1
-7.402487277984619,-7.91163444519043,-3.5989317893981934,faction1
-3.566213607788086,-2.799442768096924,-6.552396297454834,faction1
-5.242542266845703,3.4217865467071533,7.940186500549316,faction3
-1.220913290977478,-7.219338893890381,-9.114823341369629,faction1
-1.2749192714691162,-8.552430152893066,-8.09099292755127,faction1
-8.129772186279297,-1.794426679611206,-3.5362601280212402,faction1
-2.323521137237549,-10.928260803222656,-5.71448278427124,faction1
0.5841068029403687,-8.826130867004395,-3.2380597591400146,faction1
-1.1028568744659424,-9.449407577514648,5.7715349197387695,faction2
2.4378786087036133,-10.895539283752441,2.9354629516601562,faction2
-5.449117660522461,5.793736457824707,5.269008636474609,faction3
-0.848348081111908,-4.947963714599609,-4.688535690307617,faction1
-10.553936004638672,4.7025227546691895,7.224920272827148,faction3
2.8776040077209473,-3.874701738357544,3.896315813064575,faction2
-3.4960806369781494,-3.8930230140686035,-0.09852170944213867,faction1
-5.427994728088379,7.29444694519043,7.131891250610352,faction3
-1.5575354099273682,6.168029308319092,6.154635429382324,faction3
-6.703151226043701,4.933504104614258,-0.20299983024597168,faction3
2.7435476779937744,-11.44860553741455,8.057021141052246,faction2
-3.5514607429504395,5.110316276550293,5.587420463562012,faction3
-3.112736225128174,7.831484794616699,4.6127543449401855,faction3
-5.105966091156006,-9.412053108215332,-8.68542766571045,faction1
-2.189049482345581,-8.724257469177246,-6.293890953063965,faction1
-4.006899833679199,2.468618154525757,2.875753879547119,faction3
2.765242576599121,-3.015551805496216,-2.012873649597168,faction1
-1.6227879524230957,-4.711268901824951,6.552689552307129,faction2
-6.081500053405762,-11.837358474731445,-2.742293357849121,faction1
4.8086748123168945,-6.940286636352539,4.311544418334961,faction2
-7.904795169830322,-0.28508126735687256,9.740251541137695,faction3
-7.336211204528809,-9.732442855834961,-4.296022415161133,faction1
-6.256723880767822,9.183904647827148,6.488424301147461,faction3
0.23376458883285522,-4.224848747253418,3.0308609008789062,faction2
-2.3944313526153564,-10.560225486755371,11.487622261047363,faction2
-2.2682065963745117,2.5481913089752197,9.179609298706055,faction3
4.954225540161133,-9.476394653320312,6.894314765930176,faction2
-6.9073405265808105,1.628727912902832,2.180309295654297,faction3
-2.5457615852355957,1.6675817966461182,4.490825176239014,faction3
-6.723300457000732,0.6475762128829956,6.813971519470215,faction3
-0.02305656671524048,3.665714979171753,6.398740768432617,faction3
1.8067667484283447,-5.992164134979248,1.9137170314788818,faction2
-7.317780494689941,-2.799088478088379,-4.417975425720215,faction1
1.8524280786514282,-7.651036262512207,8.392450332641602,faction2
-4.856069564819336,6.057555198669434,12.293802261352539,faction3
1.8940240144729614,-4.106363296508789,2.1924495697021484,faction2
-3.1886210441589355,-5.721179008483887,-4.586002349853516,faction1
1.4056026935577393,-12.47841739654541,5.009474754333496,faction2
-3.2219386100769043,-6.778270721435547,-6.19893217086792,faction1
-7.218496322631836,7.693732261657715,2.4224395751953125,faction3
-0.8931612372398376,6.945145606994629,2.6928200721740723,faction3
3.7474825382232666,-8.573196411132812,2.0414586067199707,faction2
-5.280457496643066,-7.143740177154541,0.10910594463348389,faction1
-8.661351203918457,7.074387073516846,9.701980590820312,faction3
-5.092077732086182,-9.452396392822266,-0.2528042793273926,faction1
-7.016606330871582,7.739614486694336,7.178585052490234,faction3
-6.836440086364746,0.45085787773132324,2.9632058143615723,faction3
-4.078256607055664,-2.6113710403442383,-2.8421432971954346,faction1
1.7858731746673584,-8.48300838470459,13.674165725708008,faction2
-6.292548656463623,3.7661216259002686,5.4875168800354,faction3
-3.2692008018493652,6.955282688140869,8.470651626586914,faction3
-11.65769100189209,1.3197914361953735,5.850151062011719,faction3
4.601612091064453,-10.102449417114258,12.475072860717773,faction2
-3.001394271850586,-9.762853622436523,8.592159271240234,faction2
-1.557813048362732,6.387803077697754,2.1915411949157715,faction3
7.104579925537109,-3.8104920387268066,10.303885459899902,faction2
-8.880302429199219,0.686576247215271,4.756897926330566,faction3
-2.5022711753845215,-7.24571418762207,2.7356200218200684,faction1
-4.260711669921875,-11.05426025390625,-1.6467504501342773,faction1
-1.8955104351043701,-2.4709882736206055,-6.428832530975342,faction1
-2.5973236560821533,1.7816013097763062,11.415700912475586,faction3
3.5369033813476562,-10.079243659973145,2.593841075897217,faction2
-0.32722222805023193,7.86202335357666,5.0797834396362305,faction3
2.621366500854492,-7.495248794555664,-3.7363076210021973,faction1
-8.01407241821289,-0.35568785667419434,2.2458996772766113,faction3
-5.644124507904053,3.6228280067443848,12.078191757202148,faction3
-3.1619558334350586,-4.259527683258057,-8.19870662689209,faction1
-0.027542591094970703,-7.857109069824219,9.021469116210938,faction2
-0.369592547416687,-11.873172760009766,7.571194648742676,faction2
1.3406482934951782,-6.147580146789551,6.4753007888793945,faction2
-9.086345672607422,6.2288360595703125,5.528353691101074,faction3
3.456275701522827,-10.390039443969727,12.139876365661621,faction2
-6.277886390686035,5.886811256408691,8.684663772583008,faction3
0.30951881408691406,-7.109051704406738,6.619137287139893,faction2
-2.928142547607422,-9.877799987792969,-6.160961151123047,faction1
-2.3107380867004395,-9.56195068359375,-6.073524475097656,faction1
-10.314208984375,7.452600479125977,3.7762973308563232,faction3
-1.4864206314086914,-8.954008102416992,2.193300247192383,faction1
-4.586544990539551,8.19934368133545,4.760746955871582,faction3
-3.229438543319702,-2.187995433807373,-5.403331756591797,faction1
2.1760501861572266,-8.71833610534668,11.460569381713867,faction2
-3.734490394592285,-3.3408923149108887,-4.887577533721924,faction1
-6.17349910736084,-6.420843601226807,-5.628892421722412,faction1
-3.9402194023132324,-12.237829208374023,-3.1240766048431396,faction1
7.074533462524414,-9.147074699401855,8.621935844421387,faction2
-8.824808120727539,-3.396005868911743,-4.108599662780762,faction1
-12.036455154418945,6.3156046867370605,8.328863143920898,faction3
-8.358602523803711,9.925954818725586,4.719616889953613,faction3
-4.562878131866455,-11.694095611572266,-0.8282199501991272,faction1
-1.0435960292816162,6.728226661682129,10.525740623474121,faction3
0.12775516510009766,-10.849675178527832,5.4235029220581055,faction2
-2.8806471824645996,-7.356617450714111,4.898068904876709,faction2
0.8193851709365845,-7.102756023406982,5.873490333557129,faction2
-0.3653874397277832,-5.014340877532959,6.066248893737793,faction2
-7.969992160797119,-1.4047013521194458,6.447959899902344,faction3
-3.7299842834472656,-5.155622482299805,-8.825557708740234,faction1
-7.028096675872803,1.4452143907546997,8.096675872802734,faction3
-2.0596234798431396,5.600391387939453,6.5219407081604,faction3
-0.148307204246521,-4.532511234283447,5.869075298309326,faction2
-4.691688537597656,-4.47059440612793,-7.561690330505371,faction1
-2.42046856880188,-2.9021353721618652,2.906946897506714,faction1
-11.923236846923828,3.172377109527588,4.394690036773682,faction3
-2.5022711753845215,-7.24571418762207,2.7356200218200684,faction2
-4.383016586303711,-8.434762954711914,7.643426418304443,faction2
-5.968616485595703,4.3430938720703125,0.21068090200424194,faction3
2.4524879455566406,-8.582621574401855,1.0000455379486084,faction2
6.285969257354736,-10.980840682983398,11.16866397857666,faction2
-7.269181251525879,-6.021149635314941,-5.579245567321777,faction1
-3.001264810562134,-6.760251045227051,9.617293357849121,faction2
-9.764111518859863,7.229485511779785,2.5238113403320312,faction3
4.805997848510742,-1.142738699913025,9.781977653503418,faction2
-0.37497997283935547,-3.650503635406494,-0.25347399711608887,faction1
-1.042204737663269,-2.7785606384277344,7.778632164001465,faction2
-9.736347198486328,0.70378577709198,4.705547332763672,faction3
-1.2992193698883057,-12.50203800201416,9.1973295211792,faction2
1.454643964767456,-1.4945974349975586,3.99839448928833,faction2
2.748058557510376,-5.5319108963012695,14.273155212402344,faction2
-3.1176822185516357,6.9218621253967285,3.5400075912475586,faction3
-6.752353191375732,-1.8051586151123047,-1.3958497047424316,faction1
1.3662397861480713,-7.140477180480957,0.8777105808258057,faction2
-0.6136335134506226,-9.888019561767578,-0.5435984134674072,faction1
0.5363519191741943,-0.5959011316299438,5.214582443237305,faction2
5.442996978759766,-2.165313482284546,7.3250250816345215,faction2
-9.337158203125,5.936670780181885,0.58915776014328,faction3
-6.529084205627441,8.850513458251953,5.343417167663574,faction3
-0.4833492040634155,-5.933732032775879,-9.190291404724121,faction1
-6.919891357421875,-7.689830780029297,-3.974052667617798,faction1
-7.815089225769043,-5.20800256729126,-6.934776306152344,faction1
-4.621992588043213,-9.476540565490723,-1.574402093887329,faction1
-5.778988838195801,-6.676186561584473,-4.922990798950195,faction1
-6.962070941925049,-5.919520378112793,-0.8830819129943848,faction1
-5.979102611541748,7.002884864807129,1.4914579391479492,faction3
-8.52710247039795,4.030847072601318,1.1590195894241333,faction3
0.25979042053222656,-9.290417671203613,-0.5178965330123901,faction1
-11.589432716369629,2.8496510982513428,6.2837910652160645,faction3
-2.3587441444396973,-2.782433032989502,-2.4152839183807373,faction1
-6.441596031188965,-7.165406227111816,2.3694324493408203,faction1
-5.069458961486816,10.299866676330566,4.618621349334717,faction3
-1.1466786861419678,-7.413256645202637,1.7597050666809082,faction1
-0.23773908615112305,2.4737205505371094,5.132444858551025,faction3
-8.678014755249023,5.179662227630615,1.3998607397079468,faction3
-6.565711498260498,8.360260009765625,9.19064712524414,faction3
-7.139167308807373,-0.6356154680252075,-1.4756158590316772,faction1
-0.5890663862228394,-6.964202404022217,-8.8380126953125,faction1
-9.939497947692871,0.4612858295440674,10.30290412902832,faction3
1.6471102237701416,-9.134298324584961,-5.989496231079102,faction1
3.867178440093994,-4.554189205169678,3.9500925540924072,faction2
-0.7641819715499878,-5.326544761657715,1.8477532863616943,faction1
-2.4676966667175293,5.657855987548828,1.1803152561187744,faction3
-4.382959365844727,-7.791402816772461,5.2171630859375,faction2
-4.260810852050781,4.555113792419434,3.079836845397949,faction3
-0.8631591796875,-8.510344505310059,7.1726789474487305,faction2
-8.200974464416504,-7.206864833831787,-2.9737887382507324,faction1
-2.4832489490509033,6.004067420959473,8.997426986694336,faction3
-5.71073055267334,-10.18140983581543,-3.868431568145752,faction1
5.461979866027832,-3.0049962997436523,9.355417251586914,faction2
-1.1423394680023193,-10.000038146972656,-7.273414611816406,faction1
-5.5931525230407715,-6.693356990814209,-3.716038703918457,faction1
1.9197725057601929,-7.617916107177734,0.7022079825401306,faction1
4.340573310852051,-3.2906692028045654,12.421337127685547,faction2
-9.031678199768066,-5.329730987548828,-3.3634414672851562,faction1
-3.8942651748657227,-11.973254203796387,-5.219500541687012,faction1
6.629478454589844,-8.44879150390625,4.148044586181641,faction2
-0.8718187808990479,-9.281228065490723,10.079503059387207,faction2
-4.386348247528076,4.164790153503418,12.521703720092773,faction3
0.1333472728729248,-8.633672714233398,5.883689880371094,faction2
-0.33027100563049316,1.723024606704712,7.325967788696289,faction3
-4.0667619705200195,-9.205442428588867,-8.588569641113281,faction1
-3.026465892791748,-1.296831488609314,5.068809509277344,faction3
-2.022963523864746,-5.026120185852051,-5.794707298278809,faction1
-5.760136127471924,-6.314108848571777,-4.0916852951049805,faction1
-10.690946578979492,2.8786046504974365,8.40845012664795,faction3
-1.6912739276885986,-0.014164447784423828,-5.328947067260742,faction1
-0.4491678476333618,-0.33758044242858887,-4.543476104736328,faction1
-8.726897239685059,1.918887972831726,6.4298787117004395,faction3
0.5247071385383606,-6.632819652557373,9.174162864685059,faction2
-5.369433403015137,7.55949068069458,9.132943153381348,faction3
-6.522592544555664,-3.3028082847595215,-2.1105716228485107,faction1
-0.7878943085670471,1.841245174407959,3.4181480407714844,faction3
0.8713419437408447,-4.7139787673950195,-4.094057083129883,faction1
0.4247037172317505,-8.01601505279541,6.687416076660156,faction2
-5.788468360900879,8.042028427124023,5.95145845413208,faction3
-5.896585464477539,1.9215073585510254,1.6956689357757568,faction3
-2.259053945541382,6.553754806518555,5.625346660614014,faction3
2.7019224166870117,-2.1314194202423096,12.436834335327148,faction2
-1.046636700630188,-4.358024597167969,6.582500457763672,faction2
-8.29085922241211,1.563946008682251,5.491132736206055,faction3
7.813655853271484,-6.63475227355957,9.357688903808594,faction2
-4.181950569152832,-7.813021659851074,10.86661148071289,faction2
1.393918752670288,-3.4058589935302734,4.412236213684082,faction2
-2.9598376750946045,-3.617830753326416,0.8232967853546143,faction1
-0.4273017644882202,-5.714225769042969,0.530153751373291,faction1
-3.622554302215576,-1.2714862823486328,-0.7989726066589355,faction1
-2.3163979053497314,-4.072922706604004,2.470827579498291,faction1
-6.174708366394043,1.541496753692627,4.744787216186523,faction3
4.526698112487793,-2.567318916320801,11.151731491088867,faction2
-3.0720109939575195,-3.272735595703125,10.012051582336426,faction2
-1.9899961948394775,-0.061612725257873535,7.447208404541016,faction3
-6.4029011726379395,-2.3904669284820557,-3.0681838989257812,faction1
0.16320979595184326,-8.36656379699707,5.842242240905762,faction2
-1.9193761348724365,-5.568117141723633,-9.301962852478027,faction1
-9.12215805053711,8.35915470123291,8.75232219696045,faction3
2.3428938388824463,-3.5644631385803223,-4.430048942565918,faction1
-6.7546234130859375,7.456696510314941,8.298087120056152,faction3
-8.130844116210938,8.453739166259766,10.175411224365234,faction3
-2.369189500808716,-0.5007672309875488,6.45773458480835,faction3
-1.4766738414764404,-2.792036533355713,-1.7511181831359863,faction1
-0.8818405866622925,6.101459503173828,2.7067904472351074,faction3
6.6667304039001465,-6.253506660461426,4.624924659729004,faction2
-9.336816787719727,-5.81315279006958,-4.487208843231201,faction1
1.5989011526107788,-6.353669166564941,-7.09812068939209,faction1
-0.22320985794067383,-10.325748443603516,8.985767364501953,faction2
-6.9223127365112305,9.362309455871582,2.3941726684570312,faction3
-4.122401714324951,0.29180908203125,-4.03153657913208,faction1
-0.4881885051727295,-10.177931785583496,5.64495849609375,faction2
1.0176982879638672,-7.815324783325195,11.731855392456055,faction2
7.656745910644531,-9.056389808654785,5.780396938323975,faction2
-7.811211585998535,3.3125619888305664,0.9547069072723389,faction3
-2.6964826583862305,-7.120785713195801,-5.293456077575684,faction1
3.505829334259033,-6.168506622314453,-4.729222297668457,faction1
-5.922168254852295,5.801731109619141,10.010108947753906,faction3
-4.912350654602051,-12.036215782165527,-3.5840468406677246,faction1
-0.6824985146522522,-5.110236167907715,5.653368949890137,faction2
-1.7800966501235962,-7.438735008239746,-1.017394781112671,faction1
-7.176686763763428,-2.1474132537841797,-6.474976062774658,faction1
-0.7098131775856018,-4.402161598205566,1.7481428384780884,faction2
-6.907488822937012,-5.0722551345825195,-2.829432487487793,faction1
-3.9228110313415527,-0.05108201503753662,-3.146599769592285,faction1
-3.6214637756347656,5.263218879699707,10.563973426818848,faction3
1.3662397861480713,-7.140477180480957,0.8777105808258057,faction1
-7.782522201538086,5.453217506408691,1.3860338926315308,faction3
-0.4538491368293762,-0.30283331871032715,-4.543523788452148,faction1
5.753196716308594,-11.87564468383789,9.471285820007324,faction2
1.4947913885116577,-10.340927124023438,4.465600967407227,faction2
0.06351852416992188,-10.106794357299805,0.28992772102355957,faction1
2.97342586517334,-5.908172607421875,7.735598564147949,faction2
0.037219226360321045,-0.5561773777008057,-5.785408973693848,faction1
0.5602971911430359,-7.69020938873291,0.519986629486084,faction1
-0.5318710803985596,-8.433842658996582,-8.131512641906738,faction1
-9.500088691711426,-5.375765800476074,-1.707777738571167,faction1
-10.788954734802246,1.7905597686767578,7.555059432983398,faction3
-6.631291389465332,-0.9684550762176514,-0.26172423362731934,faction1
-7.5256123542785645,7.393647193908691,9.933897972106934,faction3
-4.075956344604492,2.881725549697876,11.337759017944336,faction3
-2.6671109199523926,5.164750099182129,5.9746012687683105,faction3
-1.4506187438964844,-11.212682723999023,-1.0291621685028076,faction1
0.6768563985824585,-5.9527907371521,13.318876266479492,faction2
-10.334419250488281,8.055831909179688,4.08213996887207,faction3
-5.031753063201904,-0.8156075477600098,-6.8621978759765625,faction1
0.012357354164123535,-6.726922512054443,0.3729393482208252,faction1
-2.5388240814208984,-11.048942565917969,-5.158176422119141,faction1
-2.6600208282470703,-9.441983222961426,0.7063700556755066,faction1
-7.680893421173096,-2.943012237548828,-7.043384552001953,faction1
-6.660467147827148,-4.326493263244629,-3.332362174987793,faction1
-1.2481240034103394,-7.945201396942139,-8.240866661071777,faction1
1.538942813873291,-5.937588214874268,-7.888060092926025,faction1
1.991121768951416,-11.557174682617188,5.094083309173584,faction2
0.735497772693634,-2.75034761428833,12.264142990112305,faction2
2.01641845703125,-4.075464248657227,-6.137251853942871,faction1
0.8348236083984375,-3.0229454040527344,6.452279090881348,faction2
3.1030311584472656,-12.653462409973145,7.991747856140137,faction2
-9.21198558807373,8.625861167907715,6.6271891593933105,faction3
-2.391817331314087,-9.695332527160645,7.523191452026367,faction2
-1.9751147031784058,0.13979721069335938,4.753785133361816,faction3
-8.739258766174316,-8.557111740112305,-5.196460723876953,faction1
-7.671954154968262,-4.0815300941467285,-5.578630447387695,faction1
-6.0495829582214355,-5.481853485107422,-4.967883110046387,faction1
-4.0713701248168945,-1.1355854272842407,4.921937942504883,faction3
-1.0389399528503418,3.248879909515381,3.4001502990722656,faction3
-8.256097793579102,2.7579102516174316,2.247086524963379,faction3
-0.29087376594543457,-11.739816665649414,5.4564433097839355,faction2
-4.9218058586120605,2.5905165672302246,8.533052444458008,faction3
-2.0736193656921387,-9.74817180633545,-8.064451217651367,faction1
2.9062323570251465,-5.55087947845459,3.0095603466033936,faction2
6.511361122131348,-7.021230697631836,10.712053298950195,faction2
-5.673267364501953,9.987093925476074,6.272134780883789,faction3
6.335277557373047,-4.042171955108643,3.290656566619873,faction2
-12.395870208740234,5.068995475769043,8.481700897216797,faction3
-10.252315521240234,1.7676682472229004,10.15571403503418,faction3
-4.307492256164551,3.1410884857177734,2.5423152446746826,faction3
-0.52953040599823,2.2185163497924805,8.626614570617676,faction3
4.068714618682861,-2.304074287414551,6.332111835479736,faction2
-4.852458953857422,0.5812640190124512,1.0948899984359741,faction3
1.1341941356658936,-5.854031562805176,0.07624101638793945,faction1
0.7483821511268616,-5.264407634735107,12.808266639709473,faction2
-9.547110557556152,-1.2049453258514404,5.737973213195801,faction3
-7.089158058166504,-7.143301963806152,-5.846109390258789,faction1
2.575604200363159,-4.491984844207764,4.452554225921631,faction2
-3.1348018646240234,9.256020545959473,6.337675094604492,faction3
-0.6236698627471924,-7.488079071044922,8.918676376342773,faction2
3.325888156890869,-4.004148483276367,9.102493286132812,faction2
-2.276829719543457,-4.125369548797607,0.5073736906051636,faction1
-2.5408029556274414,-5.688750743865967,5.64760684967041,faction2
-3.7071304321289062,-5.048596382141113,-2.6874122619628906,faction1
-8.770898818969727,-6.996726989746094,-4.890763759613037,faction1
-2.0670225620269775,-3.569934368133545,-4.8038811683654785,faction1
-7.147129535675049,-4.685260772705078,0.2300422191619873,faction1
-11.364801406860352,2.3997511863708496,3.6659085750579834,faction3
-3.9932751655578613,-0.5923701524734497,-1.2095321416854858,faction1
-5.564038276672363,1.2877219915390015,7.848316192626953,faction3
-7.255307197570801,-7.9742536544799805,-2.936278820037842,faction1
-10.730366706848145,5.117208003997803,7.649272441864014,faction3
-3.7620816230773926,-1.2951288223266602,-3.8548061847686768,faction1
-1.837782859802246,-4.70352840423584,5.911517143249512,faction2
-1.6511108875274658,-7.250728607177734,7.766641139984131,faction2
6.604120254516602,-7.263103008270264,5.233612537384033,faction2
1.7527269124984741,-4.446449279785156,9.4107666015625,faction2
-2.459932327270508,-2.986258029937744,-8.379348754882812,faction1
-2.3238162994384766,9.547197341918945,9.454455375671387,faction3
-8.493520736694336,10.032322883605957,9.005884170532227,faction3
-1.6953750848770142,-10.855827331542969,9.495254516601562,faction2
-12.397988319396973,6.614315032958984,6.935433864593506,faction3
-1.7895342111587524,9.89200210571289,7.450716018676758,faction3
1.579168438911438,-6.018116474151611,-3.117133617401123,faction1
-5.95436954498291,-4.619941234588623,0.7530738115310669,faction1
-4.006344795227051,-0.3469036817550659,-6.593526363372803,faction1
0.7151131629943848,-10.543094635009766,-3.615770101547241,faction1
-5.017648696899414,8.384303092956543,5.406112194061279,faction3
1.165508508682251,-1.3298392295837402,-4.639629364013672,faction1
-9.644500732421875,7.2438273429870605,2.083456516265869,faction3
-1.3997089862823486,6.313035011291504,5.350902080535889,faction3
-5.864755630493164,1.318572998046875,5.489673137664795,faction3
-1.919959545135498,-7.142716407775879,-0.9259365797042847,faction1
5.375509738922119,-2.4547648429870605,4.771020889282227,faction2
-5.266409873962402,-11.36243724822998,-5.229094982147217,faction1
-3.8514888286590576,4.682786464691162,1.0047504901885986,faction3
-2.424919366836548,7.374903678894043,5.133177757263184,faction3
-1.0219361782073975,-9.174561500549316,10.43957233428955,faction2
-2.764589309692383,-5.388894081115723,11.400757789611816,faction2
-4.363375663757324,-0.22308564186096191,4.370445728302002,faction3
-7.502566337585449,5.136987209320068,11.141988754272461,faction3
-0.18654251098632812,-5.663137435913086,9.942428588867188,faction2
-3.986532688140869,0.5185363292694092,-2.611989974975586,faction1
-1.478386640548706,-3.413933038711548,-0.030570507049560547,faction1
-5.600808143615723,-7.484593391418457,0.8355637788772583,faction1
-11.66858959197998,5.0057830810546875,6.168519020080566,faction3
-11.475621223449707,5.557419300079346,2.3028769493103027,faction3
-4.176507949829102,-5.061079978942871,10.372614860534668,faction2
-7.591842174530029,6.057333946228027,8.100217819213867,faction3
-2.644045114517212,-4.525568962097168,5.20354700088501,faction2
-2.3689262866973877,-8.184822082519531,-2.192955255508423,faction1
3.662367343902588,-9.139949798583984,7.1819963455200195,faction2
0.27350711822509766,-8.973970413208008,-3.70369291305542,faction1
-1.986402988433838,8.888160705566406,3.5792832374572754,faction3
-1.6426208019256592,-6.993247985839844,12.714090347290039,faction2
-7.47415828704834,4.988408088684082,12.80475902557373,faction3
-2.2714643478393555,-11.769521713256836,9.607447624206543,faction2
0.44794750213623047,-5.3741865158081055,8.042102813720703,faction2
-6.120206832885742,-9.561273574829102,-2.8271946907043457,faction1
-9.605721473693848,2.253810405731201,9.48335075378418,faction3
-8.309043884277344,-9.902952194213867,-3.415797472000122,faction1
-8.100406646728516,6.125165939331055,7.177453994750977,faction3
-3.6593432426452637,-2.230440378189087,-5.749758720397949,faction1
-3.8702383041381836,-8.63666820526123,1.9345229864120483,faction1
-6.394444465637207,-5.276169776916504,-1.9364292621612549,faction1
-9.181536674499512,5.05574369430542,7.760921478271484,faction3
-8.800590515136719,3.17032527923584,5.961403846740723,faction3
-2.424482583999634,-8.751009941101074,-0.6817485094070435,faction1
-4.723398208618164,-8.521347999572754,-8.300247192382812,faction1
-4.280997276306152,-0.82505202293396,-6.626686096191406,faction1
-5.302485466003418,6.061089992523193,11.652627944946289,faction3
4.2371320724487305,-6.468844413757324,13.814458847045898,faction2
-2.9327526092529297,8.292845726013184,2.9312005043029785,faction3
7.213334560394287,-9.217954635620117,9.66055965423584,faction2
-3.9300522804260254,-4.929265022277832,-2.3475496768951416,faction1
-8.338364601135254,10.11446762084961,7.322035789489746,faction3
-0.4997907876968384,-8.41800308227539,-7.55026388168335,faction1
-8.561188697814941,-6.624090194702148,-1.4830347299575806,faction1
-7.483996391296387,-3.3729426860809326,-1.5939395427703857,faction1
-3.6796932220458984,-11.152390480041504,-0.052591562271118164,faction1
-1.7826547622680664,-10.880158424377441,-4.430489540100098,faction1
-0.26189088821411133,-6.9930195808410645,-1.4171231985092163,faction1
-5.600299835205078,6.934657573699951,5.775452136993408,faction3
-7.2556681632995605,-9.871063232421875,-3.4065794944763184,faction1
-7.376856803894043,10.808295249938965,5.3890228271484375,faction3
-3.3905606269836426,-3.2581944465637207,6.284303665161133,faction2
-4.703763008117676,-8.371418952941895,7.233663558959961,faction2
-7.143087863922119,-8.109771728515625,-5.795511245727539,faction1
-0.0435793399810791,4.855224609375,7.06462287902832,faction3
-1.6340930461883545,-6.759446144104004,9.504290580749512,faction2
-1.4731154441833496,-5.879989147186279,-3.953279972076416,faction1
-3.562566041946411,1.711829662322998,7.94367790222168,faction3
-0.7273051738739014,8.718952178955078,4.7537384033203125,faction3
-3.574456214904785,-2.327523708343506,-8.438041687011719,faction1
-1.2695878744125366,4.307653427124023,6.1648783683776855,faction3
-0.6426762938499451,-0.781875491142273,6.3061137199401855,faction2
-2.9110982418060303,-4.1362714767456055,7.062814712524414,faction2
-7.2166595458984375,-3.366981267929077,1.5663083791732788,faction1
-8.207588195800781,-5.235166072845459,-2.766967296600342,faction1
1.1793947219848633,-10.638175964355469,11.906573295593262,faction2
1.484213948249817,-8.782459259033203,-3.6734042167663574,faction1
-6.399463176727295,-5.778594970703125,-6.652536392211914,faction1
-7.144552707672119,-4.969711780548096,-1.9646658897399902,faction1
0.8560916781425476,-5.908088684082031,-5.940276145935059,faction1
2.9160351753234863,-5.140985012054443,7.439975738525391,faction2
-4.112879753112793,-7.634416103363037,-4.136285305023193,faction1
-4.890835762023926,4.758335113525391,0.6871892213821411,faction3
3.0326530933380127,-9.419327735900879,9.7316312789917,faction2
0.4811505079269409,-9.75932502746582,-6.526647567749023,faction1
-0.7169499397277832,-2.1550965309143066,-4.3832526206970215,faction1
-5.071516036987305,-4.387022972106934,2.065707206726074,faction1
6.085885047912598,-5.369769096374512,8.528799057006836,faction2
2.088759422302246,-9.435625076293945,6.051441669464111,faction2
4.517716407775879,-6.43431282043457,4.8380560874938965,faction2
-8.142841339111328,-7.675846576690674,-2.033372163772583,faction1
0.47672510147094727,-4.36762809753418,-6.628567695617676,faction1
-2.34643816947937,5.878400802612305,12.098883628845215,faction3
-10.722697257995605,6.952392101287842,9.732817649841309,faction3
3.494489908218384,-2.8570048809051514,11.264720916748047,faction2
-6.217273712158203,-3.658677101135254,-7.903905868530273,faction1
-1.2796978950500488,7.175344944000244,2.1217801570892334,faction3
-1.6568357944488525,-2.5309839248657227,10.332388877868652,faction2
-4.574127197265625,8.755777359008789,4.847987651824951,faction3
0.8071765899658203,-8.156536102294922,-0.5445990562438965,faction1
-9.133378028869629,3.089484691619873,8.814037322998047,faction3
4.46346378326416,-6.721087455749512,3.4133574962615967,faction2
-5.46480131149292,-9.535439491271973,-5.871888637542725,faction1
-2.0711276531219482,-7.946061134338379,6.273512363433838,faction2
-1.0546648502349854,-11.529251098632812,6.516563415527344,faction2
0.19720804691314697,-10.680074691772461,-2.1570000648498535,faction1
-4.661189079284668,1.1051510572433472,6.909603118896484,faction3
-7.738925933837891,4.882535934448242,10.597929000854492,faction3
-4.700491905212402,5.34675407409668,9.572195053100586,faction3
-4.00869083404541,4.92176628112793,3.0663340091705322,faction3
-2.030932903289795,-9.281688690185547,-7.063079357147217,faction1
-8.49351692199707,8.268945693969727,9.97158145904541,faction3
-10.499418258666992,7.92421293258667,5.5555620193481445,faction3
-0.7555882930755615,-7.502824306488037,3.629981517791748,faction2
3.631185531616211,-2.416109800338745,11.2063627243042,faction2
7.529327869415283,-9.18669319152832,7.80983829498291,faction2
-0.3175826668739319,5.692143440246582,8.316039085388184,faction3
-7.976746559143066,5.911568641662598,10.173933982849121,faction3
-4.528432846069336,1.196302890777588,7.831760406494141,faction3
-8.358591079711914,10.470888137817383,6.746916770935059,faction3
0.34596502780914307,-5.031224250793457,-7.050472259521484,faction1
-0.6891499757766724,-11.886274337768555,11.506336212158203,faction2
0.35956645011901855,-3.882096290588379,-4.088821887969971,faction1
-3.4430973529815674,-3.2485265731811523,-3.902404308319092,faction1
-5.203024864196777,-0.772587776184082,-5.371868133544922,faction1
-10.142743110656738,5.314446926116943,3.874417543411255,faction3
1.5194586515426636,-2.101161479949951,12.483990669250488,faction2
-6.374259948730469,6.695096492767334,8.12387466430664,faction3
3.5351500511169434,-8.10704231262207,14.039287567138672,faction2
-11.68402099609375,2.702047348022461,8.099733352661133,faction3
-3.7624692916870117,-5.223510265350342,-0.0536918044090271,faction1
-1.0805354118347168,-3.433248519897461,-8.385805130004883,faction1
0.00310671329498291,-3.226409673690796,-6.53863525390625,faction1
-6.791604518890381,7.620384216308594,1.7512061595916748,faction3
-3.056662082672119,6.67777156829834,12.032733917236328,faction3
-3.2334632873535156,-10.554398536682129,6.84260368347168,faction2
-6.66486930847168,7.031369209289551,12.458463668823242,faction3
-4.056693077087402,7.809818267822266,7.2716803550720215,faction3
-5.383152961730957,3.8346004486083984,10.229354858398438,faction3
0.0006508231163024902,-11.936054229736328,5.0283613204956055,faction2
-5.6683173179626465,-6.65582275390625,-0.35256946086883545,faction1
-8.220224380493164,0.469305157661438,11.523096084594727,faction3
1.545723557472229,-11.886749267578125,4.136960983276367,faction2
-3.5511951446533203,-0.5675626993179321,-0.27738213539123535,faction1
-1.4995287656784058,-5.238162994384766,0.0049266815185546875,faction1
-1.7160465717315674,1.1901071071624756,5.666298866271973,faction3
5.611794948577881,-9.889303207397461,12.097201347351074,faction2
-11.625334739685059,4.370190620422363,9.21117877960205,faction3
-5.079806327819824,-4.803558349609375,-1.549109697341919,faction1
-7.484668731689453,8.974998474121094,8.688264846801758,faction3
-7.800556182861328,-6.356033802032471,-0.7931536436080933,faction1
4.953383922576904,-7.598272323608398,11.268903732299805,faction2
-4.5918965339660645,-5.2096848487854,8.566967010498047,faction2
-6.3173828125,6.56087589263916,0.6133630275726318,faction3
-11.79066276550293,7.0397443771362305,6.550569534301758,faction3
-1.3922369480133057,-4.440642356872559,11.29525375366211,faction2
-8.057626724243164,-3.622748613357544,-2.6112473011016846,faction1
-3.305692672729492,-1.6451241970062256,1.5393884181976318,faction1
-2.417687177658081,-6.219054222106934,2.8667612075805664,faction2
-1.0798003673553467,-8.39591121673584,-8.466846466064453,faction1
-3.384899854660034,-6.594238758087158,2.0273196697235107,faction1
-9.680671691894531,8.882036209106445,5.364450454711914,faction3
-7.472371578216553,4.342981338500977,2.2930643558502197,faction3
-3.4969735145568848,-8.468597412109375,5.548347473144531,faction2
-2.9899909496307373,-10.345672607421875,1.469129204750061,faction1
2.7752673625946045,-3.449343204498291,-4.0513811111450195,faction1
-2.61612606048584,2.087421178817749,2.1050124168395996,faction3
-7.767778396606445,2.419987440109253,11.697751998901367,faction3
0.4847530126571655,-0.4150768518447876,-3.4963693618774414,faction1
7.341507911682129,-3.7404494285583496,10.391216278076172,faction2
-8.09532356262207,-1.3103349208831787,6.785918235778809,faction3
-2.9030542373657227,0.024997234344482422,-3.3367202281951904,faction1
-4.054638862609863,3.7207162380218506,0.6133896112442017,faction3
2.6058409214019775,-8.746464729309082,13.62859058380127,faction2
-6.512533664703369,4.813899040222168,12.837471008300781,faction3
0.5262065529823303,6.203090190887451,7.839127540588379,faction3
-7.303487777709961,9.367741584777832,5.227692127227783,faction3
2.6803014278411865,-8.160886764526367,1.7208032608032227,faction2
-0.3761822581291199,-1.9195877313613892,-6.819695472717285,faction1
-9.396622657775879,4.985941410064697,1.362183690071106,faction3
5.05302095413208,-2.8637163639068604,4.551950931549072,faction2
-3.4084203243255615,-12.23375129699707,-1.400277853012085,faction1
-3.46634840965271,7.404788970947266,1.6108249425888062,faction3
3.8855645656585693,-6.101593971252441,9.654520988464355,faction2
-0.8581717610359192,-8.834463119506836,-7.281149387359619,faction1
-11.91224193572998,3.6194090843200684,4.818770885467529,faction3
-5.470935821533203,5.825835227966309,2.355968475341797,faction3
-7.363792896270752,10.029016494750977,3.4755969047546387,faction3
-3.152808427810669,10.109291076660156,3.5209133625030518,faction3
2.4335293769836426,-12.2572660446167,5.555137634277344,faction2
-4.013313293457031,-5.412853717803955,2.0454483032226562,faction1
-7.636328220367432,-10.311264038085938,-4.519527912139893,faction1
-6.934261322021484,-8.942002296447754,-5.562459945678711,faction1
-2.1071460247039795,3.1931517124176025,6.495412826538086,faction3
-8.888736724853516,4.017543792724609,11.55888843536377,faction3
-3.563645362854004,-5.399675369262695,6.307797431945801,faction2
-2.274904251098633,-0.40122532844543457,-1.7074223756790161,faction1
-8.203300476074219,11.024526596069336,8.492883682250977,faction3
5.110191822052002,-12.379447937011719,7.565868377685547,faction2
-2.864572048187256,7.37112283706665,6.975377082824707,faction3
-7.5398125648498535,3.7416324615478516,8.811902046203613,faction3
0.9245895147323608,-5.103960037231445,-5.686954021453857,faction1
-5.3238630294799805,4.985411643981934,1.2329871654510498,faction3
-1.3634934425354004,-6.73848819732666,10.830175399780273,faction2
-5.266547203063965,8.518104553222656,7.763217449188232,faction3
-7.675034523010254,10.08682918548584,2.643185615539551,faction3
-2.4835333824157715,-11.830504417419434,-3.6054728031158447,faction1
-2.8366141319274902,-6.893214225769043,-2.7336368560791016,faction1
1.2590861320495605,-4.889473915100098,-1.9719114303588867,faction1
-7.950442314147949,7.93238639831543,3.5395710468292236,faction3
-1.926493763923645,0.7545946836471558,4.629011631011963,faction3
1.0294101238250732,-8.535840034484863,11.759456634521484,faction2
-8.74902629852295,2.314274787902832,12.436732292175293,faction3
2.8637192249298096,-8.302403450012207,8.053733825683594,faction2
-5.119767189025879,-6.4257893562316895,-0.023059606552124023,faction1
3.097165107727051,-4.591671943664551,-2.740877151489258,faction1
4.09604549407959,-4.687862396240234,10.974493980407715,faction2
6.41597318649292,-6.282012939453125,4.399296760559082,faction2
-0.5966368913650513,-6.728224754333496,7.735755443572998,faction2
-3.0413193702697754,-10.851630210876465,-2.4753975868225098,faction1
-0.5963384509086609,-4.352184295654297,-5.828555583953857,faction1
1.2600548267364502,-1.2314488887786865,-3.2921528816223145,faction1
-2.374532461166382,-7.240409851074219,2.575510263442993,faction1
7.184906482696533,-6.336658477783203,8.005985260009766,faction2
-6.654311656951904,4.882045745849609,8.381131172180176,faction3
-0.4385225772857666,-0.36041581630706787,-0.5232234001159668,faction1
-5.376111030578613,-4.317551612854004,-2.2366771697998047,faction1
-9.34245491027832,4.703988552093506,2.2065138816833496,faction3
-2.7937467098236084,-5.70131778717041,-5.706845283508301,faction1
-3.057922840118408,0.49604010581970215,8.86229133605957,faction3
-1.9661033153533936,-3.0623230934143066,-8.260218620300293,faction1
2.5773355960845947,-8.2355318069458,7.3726043701171875,faction2
4.934974193572998,-4.753998279571533,8.894344329833984,faction2
-1.5167715549468994,6.577984809875488,6.081739902496338,faction3
2.9395203590393066,-2.4228811264038086,4.849119663238525,faction2
-9.967498779296875,3.4963748455047607,12.07394790649414,faction3
-6.085723876953125,-2.4479894638061523,-4.123922348022461,faction1
-5.853534698486328,-7.135818004608154,-8.694403648376465,faction1
1.2625583410263062,-10.084465026855469,-1.0544337034225464,faction1
-0.2875393033027649,-9.09946060180664,-4.484699726104736,faction1
-0.3740522861480713,-3.8319122791290283,-8.666601181030273,faction1
-6.60975980758667,8.891092300415039,5.178086280822754,faction3
-8.66541576385498,7.242850303649902,3.6983845233917236,faction3
-3.6061818599700928,7.6324262619018555,7.789773941040039,faction3
-9.900206565856934,8.225787162780762,10.940296173095703,faction3
-0.8169050216674805,-11.232701301574707,5.0999274253845215,faction2
3.982449531555176,-3.1548008918762207,7.65217399597168,faction2
-0.3083080053329468,-9.547636985778809,0.586927056312561,faction1
-3.353154182434082,-2.3441710472106934,-4.391708850860596,faction1
3.1409428119659424,-5.837988376617432,-2.798238515853882,faction1
-4.84891414642334,7.278409004211426,0.9767881631851196,faction3
-2.5811338424682617,-6.340465545654297,-2.612764596939087,faction1
-3.583775520324707,3.964848041534424,9.493230819702148,faction3
8.07907485961914,-8.454948425292969,6.04775333404541,faction2
-3.4968419075012207,-3.8701438903808594,6.0329203605651855,faction2
-11.443326950073242,3.840954303741455,6.617211818695068,faction3
1.4239706993103027,-8.309402465820312,11.718348503112793,faction2
-7.531960964202881,-2.5898780822753906,-2.424184799194336,faction1
-8.357094764709473,-9.571738243103027,-3.496161937713623,faction1
-9.488059043884277,4.9083251953125,11.349215507507324,faction3
0.7244749665260315,-7.810491561889648,11.352177619934082,faction2
1.5738401412963867,-11.606478691101074,7.759328365325928,faction2
-7.627879619598389,9.648086547851562,10.22568130493164,faction3
-5.439139366149902,-1.4050743579864502,1.7108970880508423,faction1
-8.182392120361328,-2.3510518074035645,-1.844272494316101,faction1
1.6404578685760498,-6.645995140075684,6.147444248199463,faction2
-10.916658401489258,1.6860859394073486,6.342201232910156,faction3
0.27610427141189575,5.672383785247803,3.9786086082458496,faction3
-6.496330261230469,-10.28873348236084,0.07635664939880371,faction1
-5.170989036560059,-6.11203145980835,-9.551130294799805,faction1
-4.690284729003906,6.12992000579834,12.6823091506958,faction3
-0.11360776424407959,8.000877380371094,6.371582984924316,faction3
-1.9694859981536865,-3.0814461708068848,7.653980255126953,faction2
2.463625431060791,-4.009037971496582,6.863637924194336,faction2
-10.633902549743652,5.186037540435791,4.965989589691162,faction3
-12.30600643157959,5.385814189910889,9.264012336730957,faction3
-1.1537437438964844,2.7184598445892334,7.589633464813232,faction3
-2.145794630050659,8.11755657196045,3.1311120986938477,faction3
-4.479763984680176,-7.081226348876953,-5.461295127868652,faction1
-1.4692342281341553,-6.205971717834473,7.332643985748291,faction2
-3.4711666107177734,-3.279911518096924,9.633817672729492,faction2
-9.186988830566406,9.481606483459473,3.2493598461151123,faction3
4.98731803894043,-4.428617477416992,8.147549629211426,faction2
-4.4346795082092285,2.9706835746765137,3.083427906036377,faction3
-0.01988506317138672,-10.735564231872559,-4.408437252044678,faction1
-2.822784423828125,6.468365669250488,7.007436275482178,faction3
-6.069516181945801,1.3389537334442139,4.769683361053467,faction3
-5.0095977783203125,8.459661483764648,5.693201065063477,faction3
2.0712332725524902,-5.61069393157959,-5.446379661560059,faction1
-5.35399055480957,2.986340045928955,1.6629630327224731,faction3
-4.543615341186523,5.798232078552246,0.4734985828399658,faction3
-1.5946481227874756,-7.8365068435668945,-4.3900465965271,faction1
-10.246089935302734,4.797789096832275,6.209596633911133,faction3
3.8472304344177246,-6.003488540649414,11.443839073181152,faction2
-0.27702391147613525,-9.936257362365723,5.117334365844727,faction2
-7.266594886779785,4.142025470733643,9.55696964263916,faction3
-3.717811107635498,0.9892839193344116,6.087318420410156,faction3
-2.6602210998535156,1.1175603866577148,8.0576171875,faction3
-2.1421520709991455,7.066184997558594,7.682094573974609,faction3
0.0742078423500061,-2.0642309188842773,11.329252243041992,faction2
-0.34413206577301025,-7.65925931930542,3.7725565433502197,faction2
2.15934419631958,-9.795897483825684,4.984380722045898,faction2
-9.946693420410156,6.496161460876465,6.507045745849609,faction3
-2.775712728500366,5.692573547363281,11.725345611572266,faction3
-9.454832077026367,3.766037940979004,8.698415756225586,faction3
-0.7290116548538208,-3.090667247772217,-7.679321765899658,faction1
-6.44246768951416,5.1135640144348145,7.596753120422363,faction3
-5.218641757965088,2.5495238304138184,8.99338150024414,faction3
1.459418773651123,-4.959054946899414,14.146927833557129,faction2
-4.52787971496582,-4.52986478805542,-9.473445892333984,faction1
-2.625530958175659,-4.330865383148193,-1.7976809740066528,faction1
-1.9985475540161133,-5.393984794616699,2.3175013065338135,faction1
1.3479588031768799,-5.834538459777832,5.519463062286377,faction2
1.1180970668792725,-10.174311637878418,-4.9277472496032715,faction1
-3.518866777420044,2.6336536407470703,6.06601619720459,faction3
-3.4153590202331543,7.972616195678711,7.8575592041015625,faction3
-3.8189265727996826,-4.600498199462891,9.962178230285645,faction2
-2.3899245262145996,-2.3835740089416504,10.562562942504883,faction2
-1.384855031967163,-8.579157829284668,-9.108614921569824,faction1
0.6054425239562988,-12.992152214050293,5.234383583068848,faction2
-6.571306228637695,-11.074499130249023,-3.455587863922119,faction1
5.2776198387146,-5.1975226402282715,5.3659892082214355,faction2
-9.088813781738281,0.11049449443817139,8.986146926879883,faction3
-1.674235224723816,-9.864751815795898,5.036227226257324,faction2
-7.9502973556518555,7.590892314910889,11.573007583618164,faction3
0.34618711471557617,-9.211677551269531,0.6279302835464478,faction1
1.67489492893219,-1.367544174194336,-3.387000322341919,faction1
-12.226384162902832,4.617690563201904,9.657032012939453,faction3
-3.0472612380981445,-9.612451553344727,-0.8359688520431519,faction1
-3.9556148052215576,-1.4738051891326904,-0.8599644303321838,faction1
-1.2957161664962769,6.628910064697266,4.225123405456543,faction3
-9.053303718566895,6.255111217498779,9.499547004699707,faction3
-9.379454612731934,7.0681562423706055,4.775481224060059,faction3
-3.8126378059387207,-5.775623798370361,2.3876564502716064,faction1
6.916489601135254,-2.6014013290405273,8.653522491455078,faction2
0.011512160301208496,6.689911842346191,3.9231762886047363,faction3
-1.9656736850738525,8.302651405334473,4.825340747833252,faction3
-5.24536657333374,4.231080055236816,8.022134780883789,faction3
-12.136481285095215,5.577730178833008,6.827188491821289,faction3
6.154847621917725,-6.694790840148926,13.095646858215332,faction2
2.9448328018188477,-8.950887680053711,12.680224418640137,faction2
-2.3457930088043213,-3.2169249057769775,-2.075697660446167,faction1
4.324131965637207,-6.270302772521973,2.644531011581421,faction2
-5.564887046813965,-0.617790699005127,-0.5629244446754456,faction1
-8.294562339782715,8.107170104980469,10.122724533081055,faction3
6.281737327575684,-3.721137046813965,8.281877517700195,faction2
-8.878710746765137,-4.210300922393799,-6.585758686065674,faction1
-6.007735252380371,-6.538387298583984,-4.359272480010986,faction1
-3.4129486083984375,-5.313981533050537,6.546062469482422,faction2
-3.5587337017059326,-1.8536865711212158,-8.42992877960205,faction1
-3.037555694580078,-9.665888786315918,6.11268424987793,faction2
-0.2788763642311096,-6.693415641784668,-3.1572368144989014,faction1
-9.195718765258789,8.239563941955566,6.139019012451172,faction3
-10.238849639892578,-0.16738522052764893,4.7646636962890625,faction3
-7.49108362197876,-2.152477264404297,-2.559469699859619,faction1
-9.485147476196289,4.743250846862793,8.639337539672852,faction3
-0.5603651404380798,2.879523277282715,5.943517208099365,faction3
-5.576692581176758,9.398239135742188,7.016904830932617,faction3
-3.458035945892334,-2.729123592376709,2.0877368450164795,faction1
0.8527989387512207,-8.53610610961914,2.46744441986084,faction2
-4.8685102462768555,-8.446430206298828,-2.422102689743042,faction1
7.255305767059326,-7.309120178222656,9.859139442443848,faction2
-0.6626425981521606,0.42779219150543213,6.269415855407715,faction3
2.219205379486084,-11.518010139465332,3.4396660327911377,faction2
-4.814831733703613,-8.09995174407959,1.4795308113098145,faction1
-1.6203937530517578,-2.4236748218536377,3.855691909790039,faction2
-0.6944828033447266,-7.457502365112305,13.351421356201172,faction2
-8.411565780639648,-4.49635124206543,0.1345844268798828,faction1
-3.4314069747924805,-5.926505088806152,-4.613320827484131,faction1
-4.754152774810791,-0.19710516929626465,4.274951457977295,faction3
0.2906157970428467,-0.15642285346984863,-3.420764923095703,faction1
3.391577959060669,-4.375685691833496,7.878566741943359,faction2
1.2659575939178467,-8.94972038269043,5.537310600280762,faction2
-9.472511291503906,-0.21797192096710205,6.256049633026123,faction3
-4.959057807922363,4.9349517822265625,13.30787467956543,faction3
-6.215691566467285,-2.4065656661987305,1.9003491401672363,faction1
-2.6427195072174072,8.510421752929688,9.653873443603516,faction3
1.2755757570266724,-2.031970500946045,-2.0421221256256104,faction1
0.029381752014160156,-0.5855247974395752,-1.1005786657333374,faction1
-0.6527960300445557,-10.111413955688477,11.087024688720703,faction2
-4.8243207931518555,-12.015098571777344,-3.558689594268799,faction1
-1.8616217374801636,-2.922644853591919,2.7743730545043945,faction1
-3.823429822921753,-8.308743476867676,10.626644134521484,faction2
-10.363790512084961,2.393761157989502,4.995640754699707,faction3
6.196445941925049,-8.177730560302734,3.4378128051757812,faction2
2.0269203186035156,-1.0691505670547485,6.316030025482178,faction2
-2.9818649291992188,-3.0584545135498047,8.790836334228516,faction2
-0.32524752616882324,-0.8577572107315063,-0.13293814659118652,faction1
-9.202103614807129,3.2779245376586914,0.6103973388671875,faction3
-11.778913497924805,7.543540000915527,9.129377365112305,faction3
2.198512315750122,-9.33092212677002,4.335638523101807,faction2
-4.870934963226318,-11.02711296081543,-2.6957149505615234,faction1
-3.686628818511963,-11.514104843139648,-5.202673435211182,faction1
-6.2875261306762695,-3.398725748062134,-1.0070552825927734,faction1
-10.183210372924805,4.823338508605957,2.1356050968170166,faction3
-3.337454080581665,-9.919025421142578,9.336016654968262,faction2
-3.1198067665100098,4.492920398712158,12.073780059814453,faction3
5.585257053375244,-10.291540145874023,6.986687660217285,faction2
-2.1867008209228516,-7.030452251434326,7.318830490112305,faction2
0.8305572271347046,-8.811551094055176,9.268802642822266,faction2
-7.977487564086914,5.720694541931152,5.980841636657715,faction3
-2.2754857540130615,0.5257142782211304,3.58186936378479,faction3
3.1529626846313477,-2.57183837890625,7.665929794311523,faction2
1.5434483289718628,-12.7703857421875,8.855079650878906,faction2
0.7437127828598022,-1.855299949645996,4.836938858032227,faction2
-5.6410064697265625,1.3085124492645264,10.780898094177246,faction3
-6.294642448425293,-8.156763076782227,0.18201899528503418,faction1
-5.317994594573975,-1.0702030658721924,-4.142989158630371,faction1
-3.501575469970703,-4.281520366668701,9.901946067810059,faction2
-0.8923099637031555,-9.038455963134766,-6.023984432220459,faction1
-5.105119705200195,5.9990386962890625,10.991888046264648,faction3
7.675965785980225,-4.099944114685059,6.614156723022461,faction2
-6.213731288909912,-4.871603012084961,1.9644370079040527,faction1
1.5554367303848267,-6.598100662231445,-3.6231517791748047,faction1
-2.816261053085327,-10.222600936889648,6.200872898101807,faction2
-5.234830856323242,-8.12564468383789,-6.497323989868164,faction1
-1.8674697875976562,-11.63052749633789,-0.3574082851409912,faction1
-8.155014038085938,-4.592068672180176,-6.998288154602051,faction1
2.7224249839782715,-7.274664878845215,10.206722259521484,faction2
-11.10579776763916,2.723904609680176,10.84931468963623,faction3
-1.4231832027435303,-10.28512191772461,11.877253532409668,faction2
-0.2866531014442444,-2.0682663917541504,7.454216003417969,faction2
0.7599040269851685,-0.9335819482803345,5.341780662536621,faction2
-10.898226737976074,6.847376346588135,10.033225059509277,faction3
-6.917905807495117,5.57465124130249,2.0091633796691895,faction3
-1.0771393775939941,7.390742301940918,8.124159812927246,faction3
-0.749281644821167,-11.908462524414062,9.087141990661621,faction2
-2.978959321975708,-9.164657592773438,-6.728065013885498,faction1
-9.759419441223145,3.7202091217041016,7.799017906188965,faction3
-0.32678836584091187,-5.278111934661865,13.667593955993652,faction2
-2.030357837677002,-5.253907203674316,-9.073266983032227,faction1
2.9437620639801025,-6.230656623840332,-2.8774547576904297,faction1
2.3317017555236816,-4.636380672454834,0.5739181041717529,faction1
-0.08026647567749023,6.29202938079834,7.317199230194092,faction3
1.0091733932495117,-4.7168684005737305,5.058504104614258,faction2
4.034936428070068,-5.233414649963379,11.829986572265625,faction2
3.836305856704712,-4.429070472717285,2.204054832458496,faction2
0.2505178451538086,-10.656797409057617,7.627343654632568,faction2
-3.3156394958496094,-5.9166693687438965,-4.7039361000061035,faction1
-1.0430513620376587,-8.924093246459961,-0.370652437210083,faction1
-3.8792974948883057,0.8969042301177979,5.310567855834961,faction3
-8.48293685913086,4.406176567077637,2.577209234237671,faction3
-5.306894302368164,-6.5761637687683105,-1.3729326725006104,faction1
-2.417687177658081,-6.219054222106934,2.8667612075805664,faction1
-2.189755916595459,-4.741915702819824,-5.109229564666748,faction1
-1.615718126296997,4.686159133911133,5.343029975891113,faction3
-0.5716937780380249,-3.9749927520751953,8.1063871383667,faction2
-4.081943988800049,-0.6403732299804688,6.965424060821533,faction3
6.819099426269531,-9.78751277923584,7.401373386383057,faction2
-6.188940048217773,-7.905339241027832,1.636296272277832,faction1
-1.695424199104309,5.421443462371826,4.137424945831299,faction3
-6.8403520584106445,-11.480224609375,-3.5962843894958496,faction1
-4.147492408752441,-0.3909909725189209,6.741979598999023,faction3
-2.2578160762786865,4.648702621459961,0.8800549507141113,faction3
0.4990190267562866,3.8830924034118652,8.386723518371582,faction3
-1.2512636184692383,-1.981720209121704,-8.186630249023438,faction1
-0.9194132089614868,-3.1506423950195312,2.2532246112823486,faction1
-4.017945289611816,1.7259219884872437,0.647325873374939,faction3
-11.57054328918457,1.7807499170303345,6.998565673828125,faction3
-6.4440131187438965,-0.663853645324707,-4.413825035095215,faction1
-0.8290136456489563,-7.423984527587891,6.641348838806152,faction2
-0.9295153617858887,-4.671854019165039,-0.3148627281188965,faction1
5.047048568725586,-9.421883583068848,12.265381813049316,faction2
6.430624485015869,-11.063603401184082,7.9465484619140625,faction2
-1.5108249187469482,-6.414735317230225,-3.1594910621643066,faction1
-0.8029481172561646,-1.2282993793487549,10.092289924621582,faction2
-0.889539361000061,-4.726553916931152,-5.545296669006348,faction1
4.422743320465088,-7.45041036605835,12.25934886932373,faction2
-1.3153889179229736,-6.125782489776611,-9.574394226074219,faction1
-1.4764273166656494,-10.872142791748047,9.70151138305664,faction2
-2.5922651290893555,-9.351420402526855,9.950284957885742,faction2
-9.281940460205078,-6.898248672485352,-6.086845397949219,faction1
3.765814781188965,-4.894508361816406,2.3659634590148926,faction2
-7.019947052001953,-7.398530960083008,-4.148602485656738,faction1
-6.007250785827637,4.636794090270996,9.535747528076172,faction3
5.433390140533447,-3.5449559688568115,11.276349067687988,faction2
1.0221847295761108,-4.168990135192871,10.416181564331055,faction2
-8.404027938842773,-0.4069124460220337,2.818502426147461,faction3
3.2051737308502197,-11.467068672180176,11.810005187988281,faction2
-3.894092082977295,-4.334937572479248,-3.085707664489746,faction1
-1.471291184425354,-7.1124773025512695,-9.665573120117188,faction1
-5.091380596160889,-2.1325745582580566,-6.437840461730957,faction1
-0.04921579360961914,-5.215166091918945,-8.290815353393555,faction1
-2.965202569961548,8.447949409484863,8.787819862365723,faction3
-12.394209861755371,4.908193588256836,9.224801063537598,faction3
-3.787412643432617,9.605561256408691,4.395960330963135,faction3
5.360889434814453,-6.298305511474609,4.194379806518555,faction2
-0.04413890838623047,-7.509828090667725,-5.110450744628906,faction1
-4.209401607513428,6.301372528076172,10.497447967529297,faction3
1.3274319171905518,-3.744210720062256,11.990151405334473,faction2
-9.067667961120605,10.757952690124512,7.221182823181152,faction3
1.5087411403656006,-0.04587125778198242,7.531087875366211,faction2
-6.376879692077637,4.658039569854736,8.611505508422852,faction3
-9.29122543334961,-4.68763542175293,-5.5660505294799805,faction1
-7.053370952606201,-7.600700855255127,-4.536707878112793,faction1
-1.0205280780792236,-4.814159393310547,2.582247018814087,faction2
-5.633702278137207,-11.595804214477539,-3.423285484313965,faction1
-5.770624160766602,-0.28883612155914307,4.0153961181640625,faction3
-5.194578170776367,10.663236618041992,4.142110824584961,faction3
6.632889747619629,-6.606675148010254,4.368359565734863,faction2
2.0728206634521484,-8.32883358001709,9.159741401672363,faction2
-10.234159469604492,1.7414162158966064,4.372039794921875,faction3
-0.0287436842918396,-7.339908599853516,5.104974269866943,faction2
4.9338226318359375,-9.846244812011719,6.214616298675537,faction2
1.929308295249939,-9.20975399017334,7.035460472106934,faction2
-6.709506988525391,10.514984130859375,7.583703994750977,faction3
1.6220239400863647,-4.466684341430664,6.999199867248535,faction2
-4.432283401489258,-10.064927101135254,0.32544493675231934,faction1
-5.79103422164917,-1.838320255279541,4.374251365661621,faction3
-2.6519107818603516,2.9257397651672363,8.895954132080078,faction3
-6.289121627807617,5.165409088134766,4.276606559753418,faction3
-0.9400655031204224,2.8195557594299316,2.6964898109436035,faction3
-2.0835041999816895,1.8423100709915161,8.819604873657227,faction3
-8.392568588256836,5.6992950439453125,9.842096328735352,faction3
-6.005671501159668,-8.979990005493164,1.6524298191070557,faction1
-0.9520381689071655,2.8348493576049805,4.060904502868652,faction3
-2.670081853866577,-2.9943649768829346,-6.120448112487793,faction1
-4.003739356994629,-7.1370849609375,4.304981231689453,faction2
-2.142289400100708,-4.14984130859375,12.250429153442383,faction2
-3.722259283065796,-0.5327799320220947,-4.00457763671875,faction1
-3.139012098312378,7.391220569610596,11.883989334106445,faction3
2.148035764694214,-7.351133346557617,12.054986953735352,faction2
6.68071174621582,-3.447434425354004,9.850860595703125,faction2
-2.145555019378662,5.77351188659668,3.6198718547821045,faction3
-2.600611448287964,-0.009610891342163086,8.244363784790039,faction3
-1.9985475540161133,-5.393984794616699,2.3175013065338135,faction2
-6.592982292175293,8.172386169433594,11.290233612060547,faction3
-1.398099660873413,-8.934399604797363,10.734752655029297,faction2
-6.2080979347229,7.689205169677734,3.8188395500183105,faction3
-1.1246485710144043,-6.313794136047363,7.15457820892334,faction2
-0.9201908707618713,-13.179838180541992,7.627730369567871,faction2
1.5019150972366333,-1.8291852474212646,-1.3276443481445312,faction1
1.7058006525039673,-10.220256805419922,-1.8679990768432617,faction1
-10.621990203857422,4.678699970245361,10.924398422241211,faction3
-0.6531202793121338,-5.990052700042725,-4.492624282836914,faction1
-5.588966369628906,-1.7964982986450195,4.72480583190918,faction3
-2.4970145225524902,4.3825883865356445,11.635313034057617,faction3
-5.6675705909729,7.234575271606445,9.134099960327148,faction3
-8.72741985321045,7.645914554595947,7.483082294464111,faction3
3.366579055786133,-11.323875427246094,7.6302008628845215,faction2
-9.953569412231445,7.755168914794922,3.7935523986816406,faction3
6.443036079406738,-6.129029273986816,2.926992654800415,faction2
-6.75067138671875,-0.0072803497314453125,2.1197586059570312,faction3
1.8319908380508423,-6.612369537353516,7.591883659362793,faction2
4.715488433837891,-11.393144607543945,3.9644618034362793,faction2
-2.9936752319335938,-4.389652252197266,-9.180258750915527,faction1
2.885735511779785,-2.0636792182922363,7.472170352935791,faction2
-2.1401023864746094,0.2558462619781494,-4.426407337188721,faction1
1.636411190032959,-1.6023122072219849,12.007098197937012,faction2
-7.6030988693237305,0.4391089677810669,4.5690412521362305,faction3
6.487892150878906,-9.077164649963379,6.956036567687988,faction2
4.184499263763428,-6.276687145233154,3.427633047103882,faction2
5.001346588134766,-5.99459981918335,13.063484191894531,faction2
-1.3396103382110596,-5.513950824737549,-4.731939315795898,faction1
0.10325425863265991,-2.6825051307678223,12.206324577331543,faction2
-0.5905730724334717,-6.4917707443237305,-0.5238642692565918,faction1
-3.573147773742676,2.20546555519104,10.069029808044434,faction3
1.4185656309127808,-7.45480489730835,1.9000874757766724,faction2
-0.6771484613418579,-5.3096089363098145,6.718052387237549,faction2
-7.296518325805664,-1.156848430633545,5.2494025230407715,faction3
-3.042912006378174,-5.608633041381836,2.6768791675567627,faction1
-5.682499885559082,-7.517579555511475,-8.64196491241455,faction1
0.143718421459198,-5.641748905181885,12.07296371459961,faction2
-0.031839966773986816,3.29616117477417,5.003788471221924,faction3
0.7378402948379517,-7.221879959106445,3.6140520572662354,faction2
0.7950102686882019,-4.606968879699707,8.871933937072754,faction2
0.10293591022491455,3.2307286262512207,8.335204124450684,faction3
-9.042791366577148,9.992475509643555,3.773401975631714,faction3
0.43881529569625854,-7.961993217468262,5.092452049255371,faction2
1.3642585277557373,-7.191252708435059,-4.745179653167725,faction1
-6.971065521240234,2.5238003730773926,4.941279411315918,faction3
3.321669578552246,-1.1459044218063354,11.384444236755371,faction2
-5.155302047729492,8.048991203308105,7.3507843017578125,faction3
4.598723411560059,-5.4166035652160645,10.697015762329102,faction2
-5.308126926422119,3.2845215797424316,1.7489076852798462,faction3
-5.227837562561035,9.115792274475098,2.939424514770508,faction3
-6.292426586151123,-8.254281044006348,0.870883584022522,faction1
0.7365427017211914,-5.430386543273926,4.030109405517578,faction2
0.09045219421386719,-10.419217109680176,-2.5380971431732178,faction1
-2.194335460662842,-2.0872020721435547,-5.263346195220947,faction1
2.2277698516845703,-3.287189245223999,3.1719512939453125,faction2
-1.8791725635528564,9.112417221069336,9.10234260559082,faction3
-1.2816755771636963,-4.605293273925781,6.782212257385254,faction2
-9.056722640991211,-3.6811184883117676,-4.973008632659912,faction1
0.3187439441680908,-7.12648868560791,8.60088062286377,faction2
-2.819491386413574,1.26302170753479,10.185317993164062,faction3
4.161876678466797,-7.5326337814331055,12.939163208007812,faction2
2.134511709213257,-6.3591413497924805,-2.423525810241699,faction1
5.113327980041504,-5.185905456542969,3.244736909866333,faction2
5.635997772216797,-2.2106432914733887,8.706158638000488,faction2
-2.3011510372161865,-3.756312370300293,-2.7888169288635254,faction1
-10.191044807434082,1.725775122642517,5.452394008636475,faction3
-4.073940277099609,9.481691360473633,5.957479953765869,faction3
5.338517189025879,-6.545012474060059,10.195176124572754,faction2
-0.3972069025039673,-9.808459281921387,-6.168503761291504,faction1
7.935412406921387,-8.658157348632812,6.633969306945801,faction2
-4.441255569458008,7.146655082702637,3.741297483444214,faction3
-0.2082451581954956,-5.446881294250488,13.568038940429688,faction2
1.1016144752502441,-5.364762306213379,0.8272049427032471,faction1
-8.731064796447754,-4.35520076751709,-4.214276313781738,faction1
-4.304538726806641,-4.718753814697266,-4.53966760635376,faction1
-4.020466327667236,7.86868143081665,1.7512035369873047,faction3
-2.8773107528686523,-10.159233093261719,1.1344776153564453,faction1
1.750004768371582,-3.9685277938842773,-3.976016044616699,faction1
-7.4614577293396,-4.462822914123535,-0.09204602241516113,faction1
-4.615891933441162,4.126154899597168,4.340578079223633,faction3
-9.216388702392578,4.546934127807617,9.110998153686523,faction3
-2.7593586444854736,5.038556098937988,12.08714485168457,faction3
-1.0205280780792236,-4.814159393310547,2.582247018814087,faction1
-1.8472492694854736,1.8179707527160645,6.20234489440918,faction3
-5.884068965911865,6.5333967208862305,5.1674394607543945,faction3
-4.522592544555664,-11.556167602539062,-2.554405689239502,faction1
-6.8294782638549805,2.5138211250305176,10.76900863647461,faction3
-6.553427696228027,9.655097961425781,5.35390043258667,faction3
1.3912557363510132,-8.980573654174805,10.672907829284668,faction2
2.4955146312713623,-3.2585859298706055,-4.23055362701416,faction1
0.7966701984405518,-1.1706105470657349,9.778620719909668,faction2
6.1425981521606445,-2.266122579574585,6.620543956756592,faction2
-6.430736541748047,7.824092388153076,9.531998634338379,faction3
-5.051123142242432,-8.313016891479492,-0.7507674694061279,faction1
1.9264655113220215,-4.078144073486328,0.6600339412689209,faction1
-11.005126953125,5.943781852722168,1.8986592292785645,faction3
1.9451289176940918,-6.6842041015625,5.290060043334961,faction2
-0.030932307243347168,-11.176485061645508,7.031576633453369,faction2
-4.318652153015137,4.447221755981445,12.694687843322754,faction3
-3.2258667945861816,-3.0290474891662598,-8.856891632080078,faction1
-6.184308052062988,1.57073175907135,11.006247520446777,faction3
0.186290442943573,-3.5106492042541504,-8.884318351745605,faction1
-6.83160924911499,3.5942089557647705,-0.20634526014328003,faction3
-1.4218478202819824,3.8148422241210938,11.543580055236816,faction3
4.932906150817871,-3.136005401611328,5.308609485626221,faction2
-9.45974063873291,4.341117858886719,10.845001220703125,faction3
5.644939422607422,-5.654679298400879,5.007214069366455,faction2
3.7646923065185547,-4.237495422363281,2.2081093788146973,faction2
-3.130173683166504,-0.30550849437713623,10.143754959106445,faction3
2.3550517559051514,-5.305451393127441,2.452620029449463,faction2
1.2386553287506104,-11.44762134552002,2.9930288791656494,faction2
-8.59865951538086,-5.243691921234131,-0.7836138010025024,faction1
6.926238059997559,-4.873051166534424,8.044966697692871,faction2
-4.23239803314209,10.545759201049805,9.867414474487305,faction3
1.4950367212295532,-4.083518028259277,11.48187255859375,faction2
-6.682875633239746,9.63424301147461,3.5496907234191895,faction3
3.4912147521972656,-10.415067672729492,4.7400593757629395,faction2
4.295743465423584,-11.24864673614502,4.1586689949035645,faction2
4.841019630432129,-9.494799613952637,4.8049635887146,faction2
-3.8298254013061523,-10.490528106689453,7.699042797088623,faction2
-4.700722694396973,-6.818061828613281,8.807144165039062,faction2
-3.3071179389953613,-10.116832733154297,-8.1701021194458,faction1
-4.758238315582275,-3.4489240646362305,-2.7779691219329834,faction1
-2.6250855922698975,-6.444357872009277,-9.168527603149414,faction1
-4.328967094421387,9.893928527832031,4.127308368682861,faction3
-3.450251817703247,-5.870429515838623,6.498432636260986,faction2
-6.238142967224121,-4.188406467437744,1.869344711303711,faction1
-9.678202629089355,1.9839081764221191,5.396692276000977,faction3
-2.8231678009033203,1.4779452085494995,4.567144393920898,faction3
-3.0437729358673096,-1.1026906967163086,5.777571678161621,faction3
2.1415421962738037,-5.37652587890625,-5.822965621948242,faction1
-4.184126853942871,5.883632659912109,10.459332466125488,faction3
-1.8636045455932617,-2.29819393157959,-5.0890679359436035,faction1
-6.718297958374023,10.329971313476562,10.139394760131836,faction3
7.587464332580566,-9.421561241149902,8.563067436218262,faction2
7.348987579345703,-5.250670433044434,4.644905090332031,faction2
2.5243654251098633,-6.578021049499512,4.201456546783447,faction2
-10.554649353027344,6.214115142822266,6.9190216064453125,faction3
7.346015930175781,-9.552759170532227,9.738478660583496,faction2
-2.007051706314087,-3.705981969833374,-0.868828535079956,faction1
3.1426262855529785,-0.06950056552886963,7.879035949707031,faction2
-5.441370010375977,10.372734069824219,5.745860576629639,faction3
-3.384718179702759,6.120046138763428,7.0647430419921875,faction3
-1.067582368850708,-6.321283340454102,-5.876068115234375,faction1
6.629764556884766,-10.997403144836426,5.416932106018066,faction2
-1.478198766708374,-7.028568267822266,-8.561164855957031,faction1
-1.9872257709503174,-4.643035888671875,2.9669885635375977,faction1
2.46970796585083,-12.41041374206543,6.124096870422363,faction2
-11.779077529907227,4.350310325622559,6.360330104827881,faction3
-0.823017954826355,-2.230707883834839,0.27452802658081055,faction1
-1.2088627815246582,3.949054718017578,2.9068851470947266,faction3
-3.466907024383545,-2.875302314758301,-1.6004021167755127,faction1
-8.218549728393555,9.26130485534668,2.9390101432800293,faction3
-9.587200164794922,3.48012375831604,2.357282876968384,faction3
-11.447298049926758,7.019489288330078,9.063474655151367,faction3
-2.5892045497894287,-4.030444622039795,12.063368797302246,faction2
-4.1201605796813965,-7.642388820648193,-3.737663507461548,faction1
-7.959536075592041,2.1415367126464844,4.286365509033203,faction3
-5.069524765014648,7.0365142822265625,9.249150276184082,faction3
-5.559309482574463,1.2726173400878906,10.423027038574219,faction3
-2.8659238815307617,-2.020570993423462,-0.4338306188583374,faction1
-2.4639322757720947,-9.539570808410645,1.5539865493774414,faction1
6.401479721069336,-5.3152289390563965,11.0136137008667,faction2
-2.2154626846313477,-11.95768928527832,-5.434554100036621,faction1
-1.2749829292297363,-7.913195610046387,8.377680778503418,faction2
-2.576472282409668,6.987237453460693,10.596481323242188,faction3
-1.7839937210083008,-11.141620635986328,-3.947420120239258,faction1
-3.8532207012176514,-8.86495590209961,-0.7821962833404541,faction1
-1.1605165004730225,-4.664398193359375,0.7594130039215088,faction1
-4.526247501373291,-2.424957752227783,-2.667117118835449,faction1
0.6119279861450195,-4.984424591064453,11.025470733642578,faction2
-2.63795804977417,-9.77836799621582,-0.9121291637420654,faction1
4.655794620513916,-9.49924087524414,8.408794403076172,faction2
-3.4621572494506836,9.962906837463379,9.409870147705078,faction3
0.28239649534225464,-0.44791901111602783,-5.643136978149414,faction1
2.9940309524536133,-4.61008358001709,4.536073684692383,faction2
-1.4864206314086914,-8.954008102416992,2.193300247192383,faction2
0.24116230010986328,-3.614924907684326,12.797085762023926,faction2
-5.26679801940918,-9.057817459106445,1.4213536977767944,faction1
-2.8840253353118896,-6.204793453216553,3.360588788986206,faction2
6.450149059295654,-9.96375846862793,3.96427845954895,faction2
-1.930922269821167,-5.999290466308594,-3.5680692195892334,faction1
-0.9067580699920654,-7.067558288574219,-7.211921691894531,faction1
-1.5405089855194092,-7.286163806915283,5.092062950134277,faction2
-7.950156211853027,7.652419567108154,5.984536170959473,faction3
1.2701267004013062,-3.5813181400299072,10.702470779418945,faction2
0.32258522510528564,-4.251862525939941,6.068161964416504,faction2
-8.340839385986328,11.096362113952637,7.9797515869140625,faction3
-0.43025636672973633,-8.44724178314209,-1.6719303131103516,faction1
-3.7653985023498535,-0.12839102745056152,-6.486937522888184,faction1
-5.916781425476074,-6.613321304321289,-9.59460163116455,faction1
-8.371953964233398,-3.0074119567871094,-0.76836758852005,faction1
4.007863521575928,-2.7114410400390625,5.061701774597168,faction2
-0.42549681663513184,-2.743709087371826,0.9835429191589355,faction1
-0.7513786554336548,-0.23070776462554932,-3.190779685974121,faction1
-3.575312376022339,7.330737113952637,7.701430320739746,faction3
3.9651172161102295,-4.122202396392822,9.371664047241211,faction2
-12.701080322265625,3.9315905570983887,7.606544494628906,faction3
-10.63436508178711,6.754237174987793,8.412806510925293,faction3
0.08870261907577515,-1.293391227722168,4.6289873123168945,faction2
-8.289979934692383,-7.227437973022461,-1.2439520359039307,faction1
-1.3124353885650635,-3.207867383956909,0.44601142406463623,faction1
-0.9991301894187927,-5.2301530838012695,6.679572105407715,faction2
-0.18532156944274902,2.0889105796813965,4.800932884216309,faction3
-4.101174354553223,-11.20173168182373,-6.802746772766113,faction1
4.645471096038818,-9.43896484375,13.472880363464355,faction2
6.093784332275391,-10.131346702575684,6.282325744628906,faction2
-5.431267738342285,1.4383500814437866,8.56376838684082,faction3
0.9258384704589844,-0.3791019916534424,5.720137596130371,faction2
-10.380049705505371,2.038386583328247,9.545507431030273,faction3
-2.4483799934387207,8.912670135498047,8.000579833984375,faction3
-10.678290367126465,3.4645349979400635,7.430036544799805,faction3
0.8423550128936768,-10.296364784240723,-4.1069655418396,faction1
3.215475559234619,-0.6664345264434814,8.159948348999023,faction2
5.168926239013672,-9.7404146194458,5.39695930480957,faction2
-6.095099449157715,-1.6716232299804688,-5.989500045776367,faction1
-9.411316871643066,3.8787946701049805,0.9306013584136963,faction3
-1.5449316501617432,-5.375607490539551,7.258664131164551,faction2
-7.099361419677734,-10.33444881439209,-3.308866500854492,faction1
-7.633025169372559,-6.308809757232666,-1.3431529998779297,faction1
-7.614434242248535,3.1027140617370605,5.862270355224609,faction3
-2.3787918090820312,1.497410535812378,11.225765228271484,faction3
1.2666321992874146,-10.70236873626709,4.1579670906066895,faction2
-3.861048936843872,-7.221909046173096,9.642770767211914,faction2
-2.161501169204712,-3.6829819679260254,10.966426849365234,faction2
-1.6470870971679688,6.255655288696289,6.1779961585998535,faction3
-4.636725425720215,-10.13388729095459,-3.428318500518799,faction1
-7.007255554199219,1.9827722311019897,12.094064712524414,faction3
-5.941061019897461,4.324749946594238,5.687150478363037,faction3
-1.794008493423462,-2.405717134475708,4.648338317871094,faction2
-4.812387466430664,10.35913372039795,8.13493537902832,faction3
2.5107479095458984,-9.685468673706055,10.06491470336914,faction2
1.836282730102539,-4.306839466094971,1.6800224781036377,faction2
4.74559211730957,-6.280796527862549,13.322279930114746,faction2
-6.107322692871094,5.054734706878662,8.621578216552734,faction3
2.217556953430176,-4.070714473724365,3.782726287841797,faction2
-9.052031517028809,-3.936063289642334,-3.288668155670166,faction1
-3.520756721496582,-10.505290031433105,8.570449829101562,faction2
1.5281307697296143,-1.7997459173202515,8.533280372619629,faction2
2.819861888885498,-10.284500122070312,2.0034265518188477,faction2
-2.9855456352233887,-4.478692054748535,10.53952693939209,faction2
-1.4132819175720215,-7.365028381347656,4.7645978927612305,faction2
-1.1839503049850464,-6.00701379776001,2.0505638122558594,faction2
-1.275209903717041,-5.103001594543457,-7.933574676513672,faction1
-1.2910501956939697,-7.7240447998046875,9.428574562072754,faction2
-11.757850646972656,7.008169174194336,8.926770210266113,faction3
0.2870194911956787,-4.799370765686035,-8.13029670715332,faction1
2.811025619506836,-1.7546168565750122,4.957122325897217,faction2
4.323603630065918,-7.699337005615234,4.344717025756836,faction2
-7.671689033508301,-1.698020339012146,-4.058964729309082,faction1
-8.713896751403809,6.689579963684082,5.457339286804199,faction3
3.888437032699585,-2.9467482566833496,3.7759313583374023,faction2
-6.6037373542785645,5.449332237243652,1.8633337020874023,faction3
-2.7354938983917236,-11.654707908630371,-0.8980984687805176,faction1
6.503224849700928,-4.408550262451172,5.140692710876465,faction2
-5.934161186218262,9.460463523864746,3.899881362915039,faction3
-0.13685327768325806,-9.173270225524902,7.629238605499268,faction2
0.5563549995422363,-3.956117868423462,-2.459001064300537,faction1
-0.9119778871536255,-3.970479965209961,-8.096962928771973,faction1
-0.05555301904678345,-10.833605766296387,4.646207809448242,faction2
-3.2097394466400146,-5.145256519317627,2.1486384868621826,faction1
-0.8838632106781006,-4.2941203117370605,7.65675163269043,faction2
-0.4479302167892456,-6.062783718109131,1.1491339206695557,faction1
-9.023192405700684,2.7181506156921387,4.802126884460449,faction3
-3.1810336112976074,3.493441343307495,9.875879287719727,faction3
-3.657862424850464,3.515495777130127,5.894650459289551,faction3
-3.8321218490600586,2.0670695304870605,10.938880920410156,faction3
5.5211286544799805,-8.460392951965332,5.19562292098999,faction2
-8.715312957763672,-4.072874069213867,-0.5588321685791016,faction1
-5.225822925567627,-4.404958724975586,-3.783525228500366,faction1
-2.832749605178833,-9.469749450683594,-5.491885185241699,faction1
-2.8124687671661377,-4.342529296875,-8.98544692993164,faction1
-11.703261375427246,3.8938708305358887,8.935006141662598,faction3
-0.24870824813842773,-10.617048263549805,-2.578692674636841,faction1
-1.8750016689300537,-1.2196531295776367,8.927389144897461,faction2
-4.38717794418335,-2.024947166442871,-5.515108108520508,faction1
-5.464639663696289,-10.846272468566895,-0.7832949161529541,faction1
-1.3583152294158936,-9.284521102905273,4.741173267364502,faction2
-1.9053540229797363,3.9475085735321045,4.4805474281311035,faction3
-3.1982884407043457,-7.215597152709961,6.27896785736084,faction2
-6.455380916595459,-2.872368335723877,-2.0383684635162354,faction1
-1.997661828994751,-3.1698479652404785,6.561835289001465,faction2
-0.7358273267745972,-2.208428144454956,4.431891441345215,faction2
3.210224151611328,-10.775235176086426,9.013383865356445,faction2
1.330499291419983,-0.2641793489456177,7.644208908081055,faction2
-5.886246204376221,5.474740028381348,10.38542366027832,faction3
4.359413146972656,-12.021947860717773,8.108868598937988,faction2
-4.947696685791016,-4.393528938293457,-7.299798011779785,faction1
-8.942018508911133,-0.819401741027832,4.37718391418457,faction3
-7.0567097663879395,5.184609889984131,5.08708381652832,faction3
-7.826719284057617,8.666719436645508,10.83198356628418,faction3
-0.9395262598991394,-12.230429649353027,5.797070503234863,faction2
1.795021653175354,-9.053182601928711,-3.3606598377227783,faction1
-5.203047752380371,3.0114059448242188,12.423083305358887,faction3
-3.5037269592285156,2.2968063354492188,12.322571754455566,faction3
-4.941285610198975,2.6796834468841553,3.408474922180176,faction3
-6.037827491760254,2.0992188453674316,8.441353797912598,faction3
-3.909938097000122,-1.1075513362884521,1.755029559135437,faction1
-1.622014045715332,4.935790061950684,6.728270530700684,faction3
3.3500847816467285,-5.362162113189697,12.051633834838867,faction2
-10.35846996307373,4.042303085327148,3.6822571754455566,faction3
0.9325556755065918,-6.451726913452148,11.089832305908203,faction2
-5.068617820739746,-8.268068313598633,-3.5869545936584473,faction1
-2.152056932449341,4.22244119644165,8.513644218444824,faction3
-3.332937002182007,-3.845785617828369,-1.253360390663147,faction1
-2.1786599159240723,-9.27209186553955,1.4371106624603271,faction1
-0.5003304481506348,-10.311969757080078,-4.8464460372924805,faction1
1.8873752355575562,-2.023515462875366,12.28216552734375,faction2
2.3125367164611816,-5.77635383605957,5.581646919250488,faction2
-5.346774101257324,8.935966491699219,9.558856964111328,faction3
-1.4724301099777222,-3.1925864219665527,1.8129388093948364,faction1
-4.5642218589782715,0.14532136917114258,7.5494465827941895,faction3
-6.856528282165527,-3.369138717651367,-1.5696942806243896,faction1
-3.1967811584472656,8.13418960571289,3.070253610610962,faction3
4.410425186157227,-10.487381935119629,12.759977340698242,faction2
0.274844765663147,2.7105443477630615,5.759428977966309,faction3
-6.533427715301514,-1.5102930068969727,0.8530000448226929,faction1
-1.0954232215881348,-5.11728572845459,8.534345626831055,faction2
5.33404541015625,-2.7651572227478027,9.275337219238281,faction2
-2.734769105911255,0.010891318321228027,8.983155250549316,faction3
1.0415048599243164,-10.66640853881836,7.494639873504639,faction2
-5.236574172973633,-8.110048294067383,-7.593214511871338,faction1
3.506227731704712,-1.465947151184082,9.249321937561035,faction2
-1.7775006294250488,-6.989342212677002,6.677734851837158,faction2
-4.400147438049316,-6.726758003234863,-5.844728946685791,faction1
-6.939937591552734,1.9317398071289062,11.885305404663086,faction3
-4.142427444458008,-9.50793170928955,6.010043144226074,faction2
1.0565252304077148,-9.567024230957031,8.64403247833252,faction2
-4.258896827697754,-5.499410152435303,-5.7171735763549805,faction1
-7.132181167602539,-5.2756195068359375,2.2961716651916504,faction1
0.9157897233963013,-12.59792709350586,5.541295051574707,faction2
-10.67501163482666,6.077421188354492,9.499921798706055,faction3
-7.91213846206665,5.7928056716918945,5.666525840759277,faction3
-11.594087600708008,6.770469665527344,8.874247550964355,faction3
-7.320653915405273,2.895047187805176,6.947254180908203,faction3
-11.251567840576172,2.800792694091797,10.144530296325684,faction3
6.662632942199707,-4.376825332641602,3.577517509460449,faction2
-4.139339447021484,1.6410876512527466,11.205341339111328,faction3
2.292999267578125,-12.111311912536621,8.394935607910156,faction2
-6.416385650634766,11.437965393066406,5.354349613189697,faction3
-0.5251511335372925,-4.859990119934082,10.009820938110352,faction2
4.460395336151123,-6.1828718185424805,8.09506893157959,faction2
-11.066941261291504,4.574731826782227,5.500872611999512,faction3
-3.74963116645813,4.7531328201293945,0.6084702014923096,faction3
-7.4121928215026855,-6.575242519378662,-1.028580904006958,faction1
0.5209282040596008,-9.466419219970703,2.069694995880127,faction2
-4.313383102416992,3.683990001678467,8.840608596801758,faction3
-2.386150360107422,1.92117178440094,9.953075408935547,faction3
-8.326635360717773,3.285849094390869,1.765028476715088,faction3
1.9476962089538574,-7.77849006652832,-0.9535168409347534,faction1
-3.9698805809020996,-8.123054504394531,-5.333624839782715,faction1
-5.608364105224609,3.1301302909851074,5.644449710845947,faction3
1.2207348346710205,-1.702627420425415,7.999067783355713,faction2
-1.0105137825012207,-3.6030259132385254,7.157344341278076,faction2
1.277908444404602,-8.876823425292969,4.779224395751953,faction2
0.2701742649078369,-4.6542863845825195,13.404298782348633,faction2
-5.380417823791504,6.670487403869629,10.624964714050293,faction3
-9.42255973815918,2.697328567504883,10.406550407409668,faction3
-5.571105003356934,-0.3476588726043701,-5.195771217346191,faction1
-11.85141372680664,3.01690936088562,7.03646183013916,faction3
-2.6098504066467285,6.802275657653809,7.983227729797363,faction3
1.2874102592468262,-10.622414588928223,-2.694152355194092,faction1
0.9993312954902649,-1.0192497968673706,-6.043485641479492,faction1
-0.9428942203521729,-1.2561339139938354,-6.578342437744141,faction1
2.778353691101074,-10.54286003112793,9.737071990966797,faction2
-1.1770844459533691,-6.860923767089844,13.30563735961914,faction2
-5.049892425537109,-10.565765380859375,-3.6729986667633057,faction1
7.635980606079102,-9.389764785766602,10.447624206542969,faction2
-9.525704383850098,3.7211477756500244,1.5466670989990234,faction3
-2.088712453842163,-5.677646636962891,-1.7907377481460571,faction1
-8.820688247680664,0.7054567337036133,10.106244087219238,faction3
-6.77388334274292,-3.8619654178619385,-0.7994519472122192,faction1
-1.2079875469207764,-4.852233409881592,5.883460998535156,faction2
-5.872127056121826,-7.3941497802734375,-8.361186027526855,faction1
0.15820807218551636,-3.0656216144561768,6.668025970458984,faction2
-0.85102379322052,-2.7152109146118164,-8.419347763061523,faction1
-5.027854919433594,3.8622050285339355,8.534536361694336,faction3
-5.833188533782959,-8.252026557922363,-2.0502500534057617,faction1
-6.169479846954346,-2.495349645614624,-7.065679550170898,faction1
-5.45867919921875,2.9241385459899902,9.253745079040527,faction3
2.370253086090088,-12.187862396240234,7.730904579162598,faction2
-7.521706581115723,-7.473700523376465,0.804883599281311,faction1
-0.7187667489051819,4.957967758178711,10.35728931427002,faction3
-9.838364601135254,0.5063496828079224,5.61284065246582,faction3
-1.6639187335968018,-10.646174430847168,-6.005393981933594,faction1
-8.332143783569336,4.055241584777832,5.428326606750488,faction3
-1.8519796133041382,-7.210709571838379,8.354731559753418,faction2
-7.202988624572754,1.2427361011505127,2.9452731609344482,faction3
-7.346161365509033,8.727840423583984,9.014259338378906,faction3
-3.700624465942383,5.821064472198486,9.765435218811035,faction3
4.854822158813477,-10.625346183776855,7.009453773498535,faction2
3.322726249694824,-9.984475135803223,8.493794441223145,faction2
-12.029211044311523,5.5539350509643555,6.136115550994873,faction3
-1.0417778491973877,-4.812191963195801,8.236358642578125,faction2
-10.707292556762695,7.4367852210998535,7.399260997772217,faction3
-8.249013900756836,6.2596306800842285,4.260178565979004,faction3
-1.6442393064498901,7.635502815246582,7.394500732421875,faction3
-1.6417052745819092,5.669111251831055,5.789353370666504,faction3
-6.797395706176758,7.339152812957764,9.470032691955566,faction3
-0.8053439259529114,-6.655783176422119,9.629839897155762,faction2
-3.079040765762329,-11.331050872802734,9.35593318939209,faction2
-1.6522948741912842,5.0499186515808105,8.226325035095215,faction3
-6.892899036407471,-5.658143997192383,-1.7007585763931274,faction1
-5.544381141662598,0.8541011810302734,8.951515197753906,faction3
2.1156604290008545,-10.161666870117188,10.475958824157715,faction2
0.17137020826339722,-9.923815727233887,-3.7118422985076904,faction1
0.4336368441581726,-1.638936996459961,5.346909046173096,faction2
0.2949829697608948,-6.112696647644043,0.10436010360717773,faction1
-3.7857439517974854,-10.335371017456055,-0.0056716203689575195,faction1
-0.4833958148956299,2.1104490756988525,7.27606201171875,faction3
-7.001290321350098,-7.69699764251709,-0.645396888256073,faction1
-0.7014382481575012,-8.26204776763916,5.067404747009277,faction2
3.1594038009643555,-9.68153190612793,6.624726295471191,faction2
7.9405035972595215,-8.437366485595703,6.619671821594238,faction2
-7.103104114532471,-0.09907257556915283,9.97484016418457,faction3
-3.637521982192993,8.370843887329102,4.06258487701416,faction3
-4.835737228393555,-5.995749473571777,-6.584035873413086,faction1
0.8397865295410156,-1.9033875465393066,9.670069694519043,faction2
-0.6218740940093994,-9.451757431030273,-2.3412396907806396,faction1
-0.1631009578704834,-10.63194751739502,11.587516784667969,faction2
-3.7801074981689453,-6.087656497955322,-0.2234569787979126,faction1
-3.004817008972168,-7.7162981033325195,-7.770173072814941,faction1
-6.149896621704102,-8.614218711853027,1.5791819095611572,faction1
7.551513671875,-4.318995475769043,5.983637809753418,faction2
-9.83241081237793,5.114523887634277,8.259273529052734,faction3
-5.743379592895508,9.893211364746094,7.149096965789795,faction3
-10.157659530639648,3.4745829105377197,2.84574031829834,faction3
-8.0195894241333,-0.8483654260635376,4.298025131225586,faction3
5.654575347900391,-4.9631266593933105,9.344371795654297,faction2
3.784625768661499,-8.521106719970703,11.400361061096191,faction2
-10.086751937866211,-0.6779452562332153,6.86285400390625,faction3
1.604292392730713,-1.85799241065979,-5.514858245849609,faction1
-9.113771438598633,-0.09699487686157227,8.996171951293945,faction3
-10.022215843200684,9.744860649108887,8.15550708770752,faction3
0.2888414263725281,-0.8181288242340088,8.731841087341309,faction2
-3.545243740081787,-6.980802536010742,-4.542794704437256,faction1
2.7839860916137695,-10.696746826171875,9.489547729492188,faction2
-0.19537103176116943,4.661053657531738,7.370593070983887,faction3
-0.8541746139526367,-10.60658073425293,6.349244117736816,faction2
-6.1560773849487305,-1.7493343353271484,5.470708847045898,faction3
-3.8883187770843506,2.154259204864502,5.8139328956604,faction3
4.168671607971191,-3.556501626968384,3.1702895164489746,faction2
1.3695003986358643,-1.0678339004516602,-1.5543780326843262,faction1
4.995704650878906,-2.564279556274414,7.694896697998047,faction2
1.8150538206100464,-3.606686592102051,-5.595097064971924,faction1
1.4469614028930664,-0.6833710670471191,-2.7243857383728027,faction1
-8.347676277160645,8.663216590881348,9.088497161865234,faction3
0.31056761741638184,-10.957242965698242,2.541088104248047,faction2
2.0405876636505127,-3.2357912063598633,0.32894396781921387,faction1
-2.0073513984680176,-11.199541091918945,-4.947059631347656,faction1
5.684229850769043,-3.714071273803711,10.944466590881348,faction2
7.451128959655762,-10.460933685302734,6.431633949279785,faction2
0.07765781879425049,-1.9548680782318115,7.0288801193237305,faction2
3.5405564308166504,-6.275203704833984,10.638534545898438,faction2
-6.201540946960449,-2.2556934356689453,-7.64229679107666,faction1
-1.4151687622070312,-2.8748903274536133,-3.264925479888916,faction1
-3.408374071121216,-0.5999054908752441,-7.968596458435059,faction1
-1.5074348449707031,-4.310291767120361,2.656205892562866,faction2
2.3279943466186523,-7.983292579650879,-5.766670227050781,faction1
-8.2114896774292,-0.3231832981109619,4.791935443878174,faction3
-0.5263591408729553,-3.7047972679138184,3.149441719055176,faction2
3.444493055343628,-2.7308425903320312,9.912130355834961,faction2
-4.113228797912598,-6.03251838684082,-4.091133117675781,faction1
0.3143981695175171,-5.904239654541016,5.968446731567383,faction2
-1.737721562385559,-1.2866859436035156,-4.036945343017578,faction1
3.3467841148376465,-7.290417671203613,9.758134841918945,faction2
5.130133152008057,-8.288414001464844,3.942000389099121,faction2
-6.311568260192871,-1.907728910446167,1.5320216417312622,faction1
6.017612457275391,-8.385048866271973,8.332010269165039,faction2
-3.1678097248077393,-4.315668106079102,9.566195487976074,faction2
-9.455574035644531,8.914457321166992,9.948989868164062,faction3
7.346433639526367,-3.422898769378662,9.617304801940918,faction2
2.2533717155456543,-8.995660781860352,1.5750726461410522,faction2
-7.65923547744751,0.8310084342956543,10.730608940124512,faction3
-3.576113224029541,-0.0805431604385376,5.82927942276001,faction3
-6.928654193878174,-0.45841825008392334,7.243679523468018,faction3
-7.544501304626465,2.4106292724609375,0.3640127182006836,faction3
4.372659206390381,-12.918514251708984,5.759054183959961,faction2
-4.603487014770508,4.439430236816406,5.199641227722168,faction3
8.125513076782227,-9.245285034179688,6.5362443923950195,faction2
-5.028045654296875,0.4475599527359009,-5.4805169105529785,faction1
-3.636935234069824,9.415641784667969,9.664708137512207,faction3
5.182137966156006,-10.524612426757812,10.951444625854492,faction2
0.5157914757728577,-5.964268684387207,0.9071105718612671,faction1
6.636471271514893,-9.216997146606445,5.07486629486084,faction2
-2.3181846141815186,1.0322226285934448,6.375606536865234,faction3
-2.8161115646362305,-1.703993558883667,-4.372974872589111,faction1
1.4029085636138916,-7.958930492401123,-0.7831534147262573,faction1
-7.449133396148682,-9.99637508392334,-0.008183956146240234,faction1
-7.4024553298950195,-10.445536613464355,-1.0070655345916748,faction1
-4.727799892425537,8.592384338378906,4.459646224975586,faction3
-0.636765718460083,2.330475330352783,8.595785140991211,faction3
1.816027283668518,-11.100726127624512,4.157672882080078,faction2
-12.263345718383789,2.7931270599365234,8.651636123657227,faction3
0.16107362508773804,-2.981785297393799,5.057838439941406,faction2
-8.769696235656738,4.067052841186523,1.62730073928833,faction3
3.983854293823242,-8.560186386108398,1.6879011392593384,faction2
1.8789393901824951,-8.722021102905273,0.12419134378433228,faction1
-2.2294085025787354,-8.623678207397461,-0.4856451749801636,faction1
-6.300942420959473,0.6040565967559814,7.190467834472656,faction3
-5.581769943237305,-2.379713773727417,-5.319269180297852,faction1
-1.9654966592788696,4.744558811187744,6.156209945678711,faction3
-1.1179778575897217,-3.4866223335266113,12.715431213378906,faction2
-11.598200798034668,2.5395736694335938,4.245532035827637,faction3
-4.889019012451172,4.52287483215332,7.753225326538086,faction3
-6.398807525634766,-6.571808338165283,-7.047214508056641,faction1
-1.179013729095459,-2.1550979614257812,-0.703449010848999,faction1
-8.685766220092773,-0.31492602825164795,3.9165568351745605,faction3
-10.829237937927246,3.5095670223236084,8.905221939086914,faction3
-0.5213546752929688,-7.719133377075195,6.7093963623046875,faction2
-3.524740695953369,7.809334754943848,7.490799903869629,faction3
-8.371528625488281,-7.728698253631592,-5.175954341888428,faction1
6.303908348083496,-10.231070518493652,5.22093391418457,faction2
-9.23556137084961,8.435433387756348,10.857084274291992,faction3
-8.291452407836914,-4.784845352172852,-3.8927202224731445,faction1
-5.549403667449951,5.872217178344727,2.6384260654449463,faction3
-5.127947807312012,6.222834587097168,2.2483458518981934,faction3
2.0646023750305176,-7.068822860717773,-0.29811108112335205,faction1
-0.10179740190505981,-4.0197529792785645,7.159236907958984,faction2
-11.136198043823242,3.9700541496276855,2.7806549072265625,faction3
-2.8809547424316406,4.199620246887207,3.8619489669799805,faction3
-2.2408909797668457,-4.739004611968994,-2.8345236778259277,faction1
2.4885878562927246,-3.3501718044281006,-4.183114051818848,faction1
-1.3566206693649292,-10.196040153503418,0.5980770587921143,faction1
1.8591785430908203,-4.453592777252197,4.636737823486328,faction2
-6.4392499923706055,3.9764225482940674,10.029172897338867,faction3
-3.4012155532836914,2.7394919395446777,12.367690086364746,faction3
-7.394343852996826,5.409412860870361,7.790610313415527,faction3
-7.261484146118164,-5.371851444244385,-8.650398254394531,faction1
-8.297788619995117,4.991593360900879,7.250027179718018,faction3
-2.38038969039917,0.9485207796096802,3.084259510040283,faction3
2.1861486434936523,-0.1301124095916748,7.359393119812012,faction2
-10.583124160766602,7.712812423706055,4.951067924499512,faction3
-2.7474427223205566,-9.493400573730469,-1.2911267280578613,faction1
-7.956437110900879,1.0039207935333252,2.8250844478607178,faction3
2.980288505554199,-6.7707695960998535,3.4507503509521484,faction2
-9.610086441040039,3.902040958404541,5.715642929077148,faction3
5.375637054443359,-4.677013397216797,10.891630172729492,faction2
1.9787712097167969,-12.327579498291016,7.346015930175781,faction2
-0.6756149530410767,-7.6755170822143555,7.3008832931518555,faction2
-4.830690860748291,7.597753047943115,2.7815279960632324,faction3
4.862545967102051,-8.354801177978516,5.604724884033203,faction2
-2.068850517272949,-8.914490699768066,-3.6460957527160645,faction1
-5.437319755554199,0.036536455154418945,4.037007808685303,faction3
2.289785385131836,-11.392824172973633,3.8040931224823,faction2
-2.1419079303741455,-7.335610866546631,3.6980679035186768,faction2
2.8927760124206543,-2.621090888977051,3.922234535217285,faction2
-8.303840637207031,-5.569664478302002,-1.4760985374450684,faction1
-5.000825881958008,-4.882647514343262,2.6231560707092285,faction1
0.5369539260864258,-5.123152256011963,12.86337947845459,faction2
-6.412885665893555,8.691123008728027,3.2267024517059326,faction3
5.035210609436035,-4.965705394744873,2.9268839359283447,faction2
-8.236891746520996,6.81843376159668,8.37225341796875,faction3
7.3297319412231445,-9.271499633789062,9.36369800567627,faction2
-2.5785341262817383,-5.881168842315674,-0.18010997772216797,faction1
1.3893437385559082,-7.921838760375977,-7.947039604187012,faction1
0.7437499165534973,-0.8920718431472778,-3.6457128524780273,faction1
-6.318920135498047,-1.669724941253662,-3.317751169204712,faction1
-10.755444526672363,1.8062288761138916,4.157169342041016,faction3
6.268927574157715,-8.626181602478027,3.1331429481506348,faction2
-4.820038795471191,6.360343933105469,4.4991455078125,faction3
-7.518780708312988,2.633857250213623,3.076962947845459,faction3
-1.9529695510864258,-3.7990002632141113,3.8168931007385254,faction2
-0.6061365604400635,-5.098294258117676,3.875119686126709,faction2
-9.148106575012207,1.1839826107025146,5.677621841430664,faction3
7.048707485198975,-4.483000755310059,8.072487831115723,faction2
-4.076364994049072,-0.8942621946334839,-2.023542642593384,faction1
-10.88715934753418,2.161372661590576,10.231888771057129,faction3
3.5919952392578125,-6.799164295196533,7.795321464538574,faction2
-6.650129318237305,-3.3548004627227783,-1.0069397687911987,faction1
6.11430549621582,-1.7535226345062256,9.51087760925293,faction2
6.487272262573242,-9.300786018371582,3.5899770259857178,faction2
-4.234916687011719,0.16861319541931152,6.263974666595459,faction3
-4.8853559494018555,-10.652425765991211,0.8413870334625244,faction1
-4.422951698303223,4.766838550567627,12.453761100769043,faction3
-2.1817381381988525,4.675710678100586,4.265474319458008,faction3
6.410765171051025,-9.262248039245605,9.839290618896484,faction2
1.4829143285751343,-0.41306233406066895,7.052039623260498,faction2
-1.0115262269973755,-8.63496208190918,-5.552393913269043,faction1
-10.82923412322998,7.562613010406494,6.67886209487915,faction3
-6.476075172424316,-0.9588685035705566,9.313517570495605,faction3
-1.5544893741607666,-10.772496223449707,11.492528915405273,faction2
-6.2863616943359375,8.517017364501953,1.564743995666504,faction3
-3.530661106109619,3.3656744956970215,1.488028883934021,faction3
-3.3815150260925293,-6.2634358406066895,10.569425582885742,faction2
0.3221258521080017,6.095220565795898,6.342296123504639,faction3
-4.6756134033203125,4.359502792358398,4.314589500427246,faction3
-1.443138837814331,-2.322415828704834,3.950040817260742,faction2
4.883774757385254,-5.582140922546387,11.779350280761719,faction2
2.148895740509033,-12.273652076721191,10.572155952453613,faction2
-0.394550085067749,-9.23925495147705,13.31521987915039,faction2
-3.657550811767578,-8.272061347961426,-5.741137504577637,faction1
-11.900291442871094,5.361905574798584,6.243663311004639,faction3
-0.9005986452102661,-8.932299613952637,11.31982421875,faction2
-9.774200439453125,6.483668327331543,6.492502212524414,faction3
-7.173439979553223,-10.124424934387207,-2.3661739826202393,faction1
-5.793201446533203,-8.710606575012207,-8.973173141479492,faction1
-7.773380279541016,-5.760244369506836,-8.021332740783691,faction1
-4.630159854888916,-1.5386226177215576,-0.8797972202301025,faction1
-3.298262357711792,3.6259074211120605,2.119913101196289,faction3
2.384526014328003,-12.452733039855957,9.243219375610352,faction2
0.19968914985656738,-1.9687130451202393,-6.19983434677124,faction1
-8.16110897064209,-6.125532150268555,-5.7596540451049805,faction1
-7.847715854644775,2.9781103134155273,7.9481096267700195,faction3
-2.105687141418457,0.13395142555236816,8.972142219543457,faction3
-2.7040460109710693,3.8645944595336914,9.376485824584961,faction3
-8.306962013244629,10.099771499633789,6.327971458435059,faction3
4.320505142211914,-7.919642448425293,4.003817558288574,faction2
0.5419718623161316,-6.933714866638184,-2.329263210296631,faction1
-6.279836177825928,4.393936634063721,6.6103291511535645,faction3
-0.1775246262550354,-9.00788688659668,10.852540969848633,faction2
-8.753111839294434,6.925748825073242,3.96555757522583,faction3
-2.3607964515686035,-6.152026176452637,-6.4374775886535645,faction1
-4.681080341339111,6.537248134613037,7.848121166229248,faction3
2.234694719314575,-3.2411649227142334,12.050973892211914,faction2
-7.393457412719727,-0.38974642753601074,10.672086715698242,faction3
0.006999015808105469,-10.536609649658203,7.135322570800781,faction2
-5.948587417602539,4.08013916015625,1.3408896923065186,faction3
6.851267337799072,-6.633384704589844,11.232498168945312,faction2
2.7095627784729004,-7.075527191162109,-5.543205738067627,faction1
-5.7275872230529785,2.5844507217407227,8.890605926513672,faction3
4.19776725769043,-1.3874766826629639,10.434999465942383,faction2
7.653683185577393,-6.546439170837402,11.286720275878906,faction2
6.13169002532959,-6.466884136199951,7.233213424682617,faction2
-9.50631046295166,3.7528929710388184,10.008097648620605,faction3
-9.629892349243164,5.017024040222168,2.5555896759033203,faction3
0.49476873874664307,-1.9629138708114624,-1.2030278444290161,faction1
4.785120010375977,-8.007713317871094,5.391398906707764,faction2
-2.5766098499298096,-3.136986255645752,-1.0972647666931152,faction1
-2.0702223777770996,-5.732545852661133,-0.38981640338897705,faction1
-5.92733097076416,7.458426475524902,8.160032272338867,faction3
0.9264153242111206,-3.1965584754943848,-3.8612985610961914,faction1
-1.3808588981628418,-8.913352966308594,-2.682861804962158,faction1
-2.592517375946045,7.237440586090088,1.7286027669906616,faction3
2.4295573234558105,-1.1797798871994019,10.944329261779785,faction2
-4.5075154304504395,1.3128890991210938,8.741161346435547,faction3
-8.810383796691895,2.7014548778533936,11.677050590515137,faction3
0.7408493161201477,-3.9341917037963867,-8.029016494750977,faction1
2.0709238052368164,-2.9001448154449463,-3.385399103164673,faction1
3.5679991245269775,-6.319775581359863,-2.217454671859741,faction1
-2.8278398513793945,6.514910697937012,2.776238203048706,faction3
1.398640513420105,-4.260204315185547,13.329591751098633,faction2
4.4424848556518555,-2.666867256164551,11.830336570739746,faction2
-4.832599639892578,2.749300718307495,8.342408180236816,faction3
2.25426983833313,-3.8493971824645996,-3.2901597023010254,faction1
1.7904472351074219,-2.299861431121826,3.7196037769317627,faction2
-1.0562626123428345,-10.75709342956543,3.848870277404785,faction2
-3.8638298511505127,-9.659643173217773,-3.3440933227539062,faction1
3.6651663780212402,-6.571065425872803,9.715810775756836,faction2
-1.4533734321594238,7.196620464324951,2.759593963623047,faction3
-7.451041221618652,-6.942225456237793,0.5182064771652222,faction1
0.7506003975868225,-0.484411358833313,-2.6897740364074707,faction1
-0.9286084175109863,-1.1729493141174316,-1.4163761138916016,faction1
-5.500760078430176,3.4906136989593506,5.291343688964844,faction3
-2.3582043647766113,-9.36643123626709,9.613813400268555,faction2
-0.8448293209075928,-8.163914680480957,2.9350318908691406,faction2
-0.009522080421447754,-3.0205960273742676,1.360625147819519,faction1
-4.234448432922363,4.083054542541504,8.999485969543457,faction3
-0.43696171045303345,-9.81106948852539,-2.511125087738037,faction1
-3.5175442695617676,-7.981426239013672,-1.2763659954071045,faction1
-8.013595581054688,-3.6832544803619385,-5.513393402099609,faction1
1.4273977279663086,-10.239938735961914,4.029731273651123,faction2
-3.1454296112060547,-8.321537971496582,6.718564987182617,faction2
-1.7831857204437256,3.19891095161438,1.6437058448791504,faction3
3.2054576873779297,-11.525262832641602,12.052210807800293,faction2
5.649729251861572,-6.951021194458008,7.726390838623047,faction2
-5.172724723815918,6.284476280212402,8.051942825317383,faction3
3.0741920471191406,-2.1644113063812256,4.4966654777526855,faction2
-7.957025527954102,5.855548858642578,10.268022537231445,faction3
-2.6171674728393555,-5.8523688316345215,3.842634677886963,faction2
-0.9936303496360779,-9.407129287719727,-7.326934337615967,faction1
1.8754955530166626,-7.044547080993652,2.6118698120117188,faction2
-1.6984531879425049,-2.129225254058838,4.260657787322998,faction2
-2.1373093128204346,-9.138385772705078,-6.969244003295898,faction1
-4.477520942687988,8.925443649291992,2.590200185775757,faction3
0.364682674407959,-3.2073540687561035,9.811031341552734,faction2
2.2321581840515137,-11.373485565185547,7.405447959899902,faction2
-7.0890398025512695,8.252052307128906,2.7441346645355225,faction3
-3.981809616088867,-0.41459333896636963,0.49332189559936523,faction1
2.3122992515563965,-12.323200225830078,11.79052734375,faction2
-3.501065731048584,1.097597360610962,6.410497188568115,faction3
-1.4367225170135498,-10.110268592834473,10.839056015014648,faction2
-4.171412467956543,-5.059628963470459,5.3938188552856445,faction2
-1.9849958419799805,6.090427398681641,5.067009925842285,faction3
-5.470691204071045,-5.704624176025391,-6.95806360244751,faction1
-1.2642199993133545,-10.968113899230957,-1.5806633234024048,faction1
-2.374532461166382,-7.240409851074219,2.575510263442993,faction2
-7.259215354919434,8.783251762390137,4.138965606689453,faction3
3.1236517429351807,-4.032863616943359,2.506092071533203,faction2
-0.17538344860076904,-4.886743068695068,-0.05849391222000122,faction1
-4.654732704162598,-5.795825004577637,-5.2557830810546875,faction1
-5.552712917327881,0.03979778289794922,-4.625301837921143,faction1
-7.171043395996094,-1.9043891429901123,-7.428154468536377,faction1
0.13346636295318604,-6.628239154815674,8.924253463745117,faction2
-2.2187576293945312,-4.671034812927246,3.513727903366089,faction2
-5.167139530181885,-1.3801112174987793,6.360396385192871,faction3
1.4020906686782837,-3.7354815006256104,-5.421266555786133,faction1
-3.122314929962158,-10.350696563720703,-5.504539489746094,faction1
0.38249534368515015,-9.580896377563477,7.695835113525391,faction2
-3.1984200477600098,2.983168601989746,10.455324172973633,faction3
2.873495101928711,-3.263741970062256,-5.2301483154296875,faction1
-3.125683307647705,-5.318387031555176,2.076953887939453,faction1
6.301979064941406,-10.064966201782227,10.472251892089844,faction2
-6.769268035888672,4.306114673614502,8.737357139587402,faction3
0.181462824344635,-5.739626884460449,-5.0540008544921875,faction1
1.72092604637146,-8.612836837768555,-7.119550704956055,faction1
-4.783423900604248,3.315016269683838,1.400542974472046,faction3
-2.289095878601074,-8.881180763244629,8.417139053344727,faction2
-10.317863464355469,5.2345075607299805,1.2560352087020874,faction3
-7.326276779174805,2.5758137702941895,8.947294235229492,faction3
-4.2842698097229,-1.2726160287857056,8.770917892456055,faction3
-8.529251098632812,6.221128940582275,11.541365623474121,faction3
7.2584967613220215,-7.834522247314453,7.510716915130615,faction2
-7.411579132080078,-3.454529285430908,-7.4482574462890625,faction1
-3.858736753463745,-5.536266326904297,6.072202682495117,faction2
6.408636093139648,-3.795891284942627,3.978785276412964,faction2
-8.78143310546875,-3.530892848968506,-0.08991825580596924,faction1
-3.777242422103882,-9.719072341918945,5.87376594543457,faction2
-10.894829750061035,6.695514678955078,3.0456297397613525,faction3
-2.7131993770599365,-9.115513801574707,6.553587913513184,faction2
-8.776269912719727,3.7857394218444824,10.91843032836914,faction3
-5.835714340209961,2.2763423919677734,4.313381671905518,faction3
7.11796236038208,-6.496737957000732,10.507555961608887,faction2
-5.595765590667725,1.1501765251159668,9.356043815612793,faction3
-7.5930914878845215,4.172665119171143,6.376668930053711,faction3
-1.5932917594909668,-5.323275566101074,-6.816239356994629,faction1
-6.2250871658325195,4.319974899291992,5.375434875488281,faction3
-4.6961541175842285,8.364166259765625,6.399275779724121,faction3
1.414903163909912,-1.6250648498535156,6.727316856384277,faction2
1.816659927368164,-2.131084442138672,7.559610843658447,faction2
-3.0712618827819824,-5.57817268371582,-9.661893844604492,faction1
5.481869697570801,-8.854887008666992,4.790703773498535,faction2
-0.40317970514297485,-12.77571964263916,9.86289119720459,faction2
-9.241975784301758,2.1018171310424805,3.982666492462158,faction3
-1.498100996017456,-8.045300483703613,5.459250450134277,faction2
-7.535681247711182,9.976410865783691,8.529315948486328,faction3
-4.853471279144287,-4.3694539070129395,-7.7890448570251465,faction1
-2.8703203201293945,-2.911612033843994,-8.913342475891113,faction1
4.7987213134765625,-8.86111068725586,9.993412017822266,faction2
-10.08239459991455,5.721656799316406,4.33526611328125,faction3
-11.020318984985352,4.848817825317383,5.4465532302856445,faction3
1.67080557346344,-8.072149276733398,-6.31326961517334,faction1
-11.093864440917969,6.257774353027344,7.257328033447266,faction3
0.0618973970413208,-2.0289766788482666,3.977851390838623,faction2
-1.0206098556518555,8.364274978637695,4.918744087219238,faction3
-7.834102630615234,2.509643077850342,7.783727645874023,faction3
-8.9567232131958,-5.670707702636719,-1.8194992542266846,faction1
-0.8220994472503662,-1.8196862936019897,7.544867038726807,faction2
4.375932216644287,-1.653883695602417,8.29678726196289,faction2
-2.6932411193847656,-5.161882400512695,-6.453268051147461,faction1
1.25710129737854,-7.176886558532715,-7.301599502563477,faction1
-3.320960283279419,8.366939544677734,9.29554557800293,faction3
4.802635669708252,-7.565487861633301,1.5695006847381592,faction2
-12.723123550415039,5.126165866851807,7.904609680175781,faction3
3.1275060176849365,-6.285520553588867,7.673686981201172,faction2
-5.490169048309326,2.976093292236328,0.8757778406143188,faction3
-0.18442797660827637,1.9398661851882935,8.117910385131836,faction3
-0.8647323250770569,8.604787826538086,7.183899879455566,faction3
-9.301277160644531,7.7503252029418945,7.15117883682251,faction3
-7.738735675811768,2.808645725250244,1.196187973022461,faction3
-0.2519339323043823,-6.345245361328125,-2.254150867462158,faction1
0.06540548801422119,3.1465914249420166,8.324634552001953,faction3
-9.424917221069336,-4.0799150466918945,-1.5944478511810303,faction1
-8.125264167785645,-7.235721588134766,-1.2588974237442017,faction1
-3.1218299865722656,-8.893308639526367,0.5392639636993408,faction1
-4.130159378051758,-8.607929229736328,8.992098808288574,faction2
-1.7190184593200684,-6.212562561035156,3.9841880798339844,faction2
0.5326770544052124,-7.30621862411499,-1.304884910583496,faction1
-5.699429512023926,-10.475984573364258,-4.59121036529541,faction1
-9.112260818481445,9.278799057006836,3.0437304973602295,faction3
-0.29570162296295166,-8.146119117736816,-2.0596728324890137,faction1
-6.4780683517456055,0.9001820087432861,0.7246487140655518,faction3
-2.582024097442627,-1.312690258026123,0.3461799621582031,faction1
2.9035353660583496,-5.952032566070557,8.376992225646973,faction2
-1.5074348449707031,-4.310291767120361,2.656205892562866,faction1
-7.136124610900879,-0.7850830554962158,3.6759033203125,faction3
-6.5008015632629395,6.578047752380371,12.276755332946777,faction3
-1.3727514743804932,-3.4687955379486084,-5.331758499145508,faction1
2.7692484855651855,-5.300098419189453,-0.232496976852417,faction1
6.638710975646973,-11.17476749420166,8.604462623596191,faction2
-0.6181657314300537,-2.2834784984588623,-2.799530029296875,faction1
-2.746734142303467,-3.6431477069854736,0.15592718124389648,faction1
-3.4288454055786133,-9.25986385345459,-3.396439790725708,faction1
-6.124345779418945,6.716076850891113,1.2494006156921387,faction3
-11.162521362304688,0.37147557735443115,5.1126508712768555,faction3
-8.313505172729492,10.688128471374512,3.7026233673095703,faction3
3.0353646278381348,-2.831812858581543,-3.165989398956299,faction1
-6.723028182983398,1.4874073266983032,7.332874774932861,faction3
2.568082332611084,-9.798648834228516,9.56908893585205,faction2
-9.290722846984863,-3.285212993621826,-3.482041597366333,faction1
-7.423035144805908,0.5011006593704224,4.714739799499512,faction3
4.933855056762695,-7.225754261016846,1.5460397005081177,faction2
2.142272472381592,-9.02926254272461,12.428492546081543,faction2
-8.725516319274902,5.486330032348633,12.088189125061035,faction3
-6.913099765777588,-1.0683131217956543,9.80102252960205,faction3
1.9576908349990845,-3.028815746307373,-6.303586483001709,faction1
2.0846424102783203,-9.85627555847168,13.902670860290527,faction2
0.5770240426063538,-10.292961120605469,8.878162384033203,faction2
0.04672253131866455,-5.742216110229492,13.241589546203613,faction2
-3.001209020614624,-8.201850891113281,11.067453384399414,faction2
-9.082649230957031,3.505403757095337,7.751849174499512,faction3
-7.138681888580322,-2.247659921646118,-1.6779944896697998,faction1
4.69167423248291,-1.5611350536346436,7.2260212898254395,faction2
0.6754939556121826,-3.325183629989624,5.308266639709473,faction2
-4.533226013183594,-10.825959205627441,-2.1474525928497314,faction1
-3.6291089057922363,-6.103142738342285,7.651297569274902,faction2
-6.411576747894287,-0.7660669088363647,5.96340274810791,faction3
-3.5651607513427734,-7.895789623260498,11.725959777832031,faction2
2.246540069580078,-7.039185523986816,8.283018112182617,faction2
-7.021583080291748,10.35705280303955,8.747663497924805,faction3
-1.483842372894287,-2.507662773132324,1.845801591873169,faction1
-5.3272528648376465,2.8440933227539062,3.4674220085144043,faction3
-7.222146511077881,-10.364171028137207,-0.9513658285140991,faction1
2.3838448524475098,-4.691650867462158,7.6683125495910645,faction2
1.7945705652236938,-12.880818367004395,10.89816951751709,faction2
-2.058258056640625,-7.834377288818359,9.426709175109863,faction2
-1.464245319366455,-5.7781548500061035,6.316810131072998,faction2
-4.325205326080322,-4.054126739501953,1.3973338603973389,faction1
1.1070873737335205,-7.276029586791992,4.485078811645508,faction2
-7.800808906555176,-0.31690287590026855,3.651482105255127,faction3
-0.7769801020622253,0.03235578536987305,-2.2577953338623047,faction1
-6.506840705871582,-0.6706188917160034,6.180838108062744,faction3
-8.097526550292969,8.040542602539062,4.757652759552002,faction3
-9.221932411193848,8.335687637329102,10.8114013671875,faction3
4.472489356994629,-5.511343955993652,11.575453758239746,faction2
-4.177165508270264,-5.288354873657227,10.071197509765625,faction2
3.020155429840088,-9.812580108642578,6.269675254821777,faction2
-7.658834934234619,-10.353020668029785,-2.1551079750061035,faction1
6.097088813781738,-11.764233589172363,7.447497844696045,faction2
-5.754411220550537,-7.176828384399414,-6.3216633796691895,faction1
-7.74742317199707,-1.7446297407150269,-2.8153724670410156,faction1
-8.32345199584961,7.750826358795166,1.4392749071121216,faction3
3.407454013824463,-10.207430839538574,4.703845977783203,faction2
-9.301074028015137,3.927830457687378,10.34561824798584,faction3
-1.486037015914917,-7.368378639221191,-6.601643085479736,faction1
-2.3671507835388184,-5.9335174560546875,4.503490924835205,faction2
-5.74189567565918,-2.900296688079834,-3.4604458808898926,faction1
3.216543436050415,-10.653350830078125,8.896449089050293,faction2
-10.270050048828125,3.7388670444488525,1.5995378494262695,faction3
-5.865139007568359,-7.491998195648193,-7.378154754638672,faction1
7.000637531280518,-3.7258052825927734,9.26440143585205,faction2
1.1922509670257568,-0.5552780628204346,-2.18969464302063,faction1
-4.499723434448242,1.5099279880523682,4.540285110473633,faction3
-8.217784881591797,1.4518429040908813,2.669130802154541,faction3
-7.529888153076172,10.06076431274414,10.528696060180664,faction3
4.182188987731934,-8.07798957824707,7.265340328216553,faction2
-2.762787103652954,-5.974843978881836,-4.1327433586120605,faction1
2.1071906089782715,-10.551679611206055,5.449914455413818,faction2
-8.614044189453125,7.801671981811523,1.3171747922897339,faction3
-2.832498073577881,-1.1713634729385376,-3.1376419067382812,faction1
-8.613945007324219,-1.0362128019332886,5.014280319213867,faction3
-1.0676569938659668,1.3021692037582397,5.3604207038879395,faction3
2.802987575531006,-6.623117923736572,10.876226425170898,faction2
-7.645697116851807,0.8410540819168091,3.1708760261535645,faction3
2.4110875129699707,-3.62835431098938,6.829682350158691,faction2
-8.895730018615723,4.06739616394043,11.055839538574219,faction3
-4.440352439880371,-10.0604248046875,0.20767712593078613,faction1
-5.381777763366699,5.282281875610352,1.8973803520202637,faction3
-7.199545860290527,3.8745217323303223,7.915184020996094,faction3
3.491133213043213,-7.946369171142578,8.499992370605469,faction2
-1.688807725906372,-7.4374189376831055,-1.798619270324707,faction1
3.467617988586426,-5.338017463684082,6.98713493347168,faction2
1.6731574535369873,-7.956822872161865,6.88986873626709,faction2
4.061758995056152,-5.768944263458252,11.988861083984375,faction2
0.48250627517700195,-4.214753150939941,-3.1106514930725098,faction1
-11.552099227905273,3.134587049484253,5.779387474060059,faction3
-7.7296295166015625,4.872044563293457,11.776309967041016,faction3
-2.066152572631836,-11.539643287658691,7.859106063842773,faction2
-2.368614435195923,-8.584983825683594,-7.441216468811035,faction1
-10.081329345703125,-0.26767897605895996,9.009176254272461,faction3
-4.58537483215332,3.5557057857513428,4.432185173034668,faction3
6.24501371383667,-3.3893332481384277,6.566375732421875,faction2
-1.5317628383636475,-0.5368026494979858,-4.9442644119262695,faction1
-2.073671817779541,2.1838228702545166,2.9212586879730225,faction3
2.840303897857666,-11.193952560424805,6.149815559387207,faction2
-4.119458198547363,-3.0086443424224854,0.01202547550201416,faction1
-8.27624797821045,-5.759710311889648,1.1353366374969482,faction1
