x,z,faction
2.166872978210449,-2.501014232635498,faction2
-1.5612401962280273,-4.417150497436523,faction1
0.6337664127349854,-3.82539701461792,faction1
0.24704214930534363,-4.037396430969238,faction1
0.29390794038772583,-0.8201257586479187,faction2
0.5760981440544128,-2.3531291484832764,faction2
1.666803240776062,-0.8010984659194946,faction2
1.0941345691680908,-1.7417969703674316,faction2
0.5328954458236694,1.7653273344039917,faction3
-0.11682569235563278,-4.4848480224609375,faction1
-1.0186861753463745,-3.2632522583007812,faction1
2.9897942543029785,1.7949182987213135,faction2
0.29143697023391724,-1.0493203401565552,faction1
3.0963239669799805,1.427896499633789,faction2
2.662893533706665,-1.3154205083847046,faction2
-2.9845023155212402,1.6526331901550293,faction3
-2.1956262588500977,-2.778917074203491,faction1
-0.7014469504356384,-1.562584400177002,faction1
0.6704322695732117,-2.865577220916748,faction1
1.7419847249984741,-2.20231294631958,faction2
2.8028924465179443,-1.520094633102417,faction2
2.114231824874878,-1.976588487625122,faction1
-2.4847376346588135,3.016429901123047,faction3
2.16591739654541,0.9333858489990234,faction2
1.237069010734558,0.36053863167762756,faction2
-1.7524595260620117,0.20238232612609863,faction3
0.6562747955322266,-1.6093394756317139,faction1
0.35233384370803833,-2.708645820617676,faction1
2.360297203063965,-2.4699363708496094,faction2
3.2494142055511475,-2.201143503189087,faction2
1.1384029388427734,0.21351169049739838,faction2
-2.2556917667388916,0.22507812082767487,faction3
1.9665608406066895,1.3223097324371338,faction2
-0.034319907426834106,1.6660971641540527,faction3
-2.0177230834960938,-2.9556374549865723,faction1
0.4527346193790436,-2.0714783668518066,faction1
1.6754238605499268,-1.384742021560669,faction2
-1.0366549491882324,-1.9871954917907715,faction1
-1.9608248472213745,1.849966287612915,faction3
0.810011625289917,-1.3540401458740234,faction1
2.3361704349517822,-2.740126371383667,faction2
0.9203367233276367,-0.21134653687477112,faction2
-4.584441661834717,-2.195711612701416,faction1
1.9757579565048218,-2.121703624725342,faction2
3.641901969909668,-1.6792716979980469,faction2
-3.2495598793029785,3.18365216255188,faction3
2.417689561843872,-2.7058959007263184,faction2
2.915238857269287,-0.830795407295227,faction2
-1.1969122886657715,-2.4822587966918945,faction1
-3.329625129699707,3.7364540100097656,faction3
-0.6132543087005615,0.8057239055633545,faction3
1.304580807685852,-0.2977566719055176,faction2
-1.2321314811706543,1.2273802757263184,faction3
1.5992562770843506,-1.3883048295974731,faction2
1.7886161804199219,1.0303459167480469,faction2
-0.35870370268821716,-3.6604723930358887,faction1
-2.6422319412231445,-2.6033613681793213,faction1
1.2242203950881958,-2.184450626373291,faction2
-3.4715864658355713,3.4026761054992676,faction3
-2.531874895095825,-3.0093321800231934,faction1
0.22561827301979065,-0.27538466453552246,faction2
2.197059392929077,-2.486278533935547,faction1
1.778349757194519,-1.7167261838912964,faction2
-3.6174702644348145,3.8642988204956055,faction3
3.7886099815368652,-2.918691396713257,faction2
-3.441199779510498,1.6532251834869385,faction3
1.3508481979370117,-3.424034595489502,faction1
3.0818209648132324,-0.33125483989715576,faction2
1.0646861791610718,-2.376786231994629,faction1
0.17150487005710602,-4.812560081481934,faction1
-2.2112598419189453,-2.062870502471924,faction1
-3.6732823848724365,-2.9462008476257324,faction1
3.6156563758850098,-0.3871106505393982,faction2
-2.0951151847839355,-2.109173059463501,faction1
0.4621400237083435,-2.803194046020508,faction2
0.15243250131607056,-4.439825057983398,faction1
-1.9328968524932861,0.77159184217453,faction3
1.9997953176498413,-2.912154197692871,faction2
-3.7451720237731934,1.6545600891113281,faction3
-2.195765972137451,0.8556772470474243,faction3
-1.2219481468200684,-4.701201438903809,faction1
-1.1359171867370605,1.671749472618103,faction3
3.1916465759277344,-2.9520516395568848,faction2
1.302345633506775,-0.9199889302253723,faction2
-0.3988680839538574,-2.9511613845825195,faction1
2.0808138847351074,-2.6591663360595703,faction1
0.19843579828739166,-0.35645321011543274,faction2
-0.16456106305122375,-3.168341636657715,faction1
-2.1052656173706055,-2.583393096923828,faction1
0.070741206407547,-2.0965280532836914,faction1
2.350372076034546,-2.3477532863616943,faction2
0.5466307997703552,-1.265701413154602,faction2
-0.541633129119873,0.8690371513366699,faction3
-2.418001890182495,1.780901551246643,faction3
1.1374881267547607,-2.093682289123535,faction1
-2.1686153411865234,0.9292011857032776,faction3
-2.569939136505127,1.1129119396209717,faction3
-2.1363532543182373,0.7015768885612488,faction3
0.08699513226747513,-4.595129013061523,faction1
-0.8060604333877563,-4.208566188812256,faction1
3.4886531829833984,0.08086852729320526,faction2
1.071591854095459,-3.1531710624694824,faction1
0.25547951459884644,-2.011596918106079,faction1
-0.9389529228210449,-1.7663264274597168,faction1
1.7378478050231934,-1.9979674816131592,faction1
-1.6192107200622559,-2.6460161209106445,faction1
1.1066718101501465,0.04641410708427429,faction2
1.275933861732483,-2.5522780418395996,faction1
-1.6263774633407593,1.7303669452667236,faction3
-2.6162519454956055,-3.1982691287994385,faction1
2.386920213699341,-1.7128722667694092,faction2
-2.6974411010742188,1.04402756690979,faction3
1.8957815170288086,-2.9625563621520996,faction1
-0.45742514729499817,-2.906633138656616,faction1
1.8633403778076172,-3.077821731567383,faction1
2.9902193546295166,-1.2731999158859253,faction2
2.144144058227539,-2.2701284885406494,faction1
-3.3996353149414062,3.7990899085998535,faction3
-0.03143642842769623,-4.341671466827393,faction1
-0.07371555268764496,-2.34553861618042,faction1
-0.12676571309566498,-1.382378101348877,faction1
0.03665290027856827,-1.1544225215911865,faction1
1.4772815704345703,1.484187364578247,faction2
-1.0708545446395874,-2.150768518447876,faction1
3.1499500274658203,-0.628382682800293,faction2
0.13755303621292114,-3.5494868755340576,faction1
-2.917771339416504,-3.0222535133361816,faction1
2.8609745502471924,-2.2221436500549316,faction2
-1.0698376893997192,0.48440611362457275,faction3
-3.813822031021118,1.278185248374939,faction3
1.677826166152954,-0.7328788042068481,faction2
1.8195654153823853,1.3272085189819336,faction2
-3.4363656044006348,2.913796901702881,faction3
0.24940162897109985,-2.2789998054504395,faction2
-4.515595436096191,-2.3403470516204834,faction1
2.523782730102539,-1.705181360244751,faction2
-0.38157451152801514,1.807565689086914,faction3
2.927400588989258,-0.0716221034526825,faction2
-0.512932300567627,-0.9053254127502441,faction1
-0.7533448934555054,-3.9882311820983887,faction1
-2.2013635635375977,-2.1555776596069336,faction1
2.4416136741638184,-0.23658329248428345,faction2
-0.10974729061126709,-2.8400869369506836,faction1
-0.8304648399353027,-3.921329975128174,faction1
3.1268348693847656,0.07673141360282898,faction2
-1.652171015739441,1.057433009147644,faction3
-2.5837721824645996,0.9564746022224426,faction3
0.5647876262664795,-1.942819595336914,faction1
-3.7268621921539307,1.4773550033569336,faction3
1.4651118516921997,-3.193995475769043,faction2
0.4471340477466583,-3.241668462753296,faction1
1.3646347522735596,-2.614771604537964,faction1
2.7580764293670654,-2.134960174560547,faction2
-2.1414918899536133,-3.938305377960205,faction1
-0.29609817266464233,-4.155709743499756,faction1
3.3974974155426025,2.269221305847168,faction2
-2.859400749206543,2.894315004348755,faction3
3.328063726425171,0.7353858947753906,faction2
-0.3635239601135254,1.0150070190429688,faction3
1.1774905920028687,-2.2056384086608887,faction1
-0.25276732444763184,-4.50831413269043,faction1
-2.779625415802002,-3.437004804611206,faction1
0.2744908034801483,-2.587226629257202,faction1
-1.7421077489852905,2.316781520843506,faction3
-1.9192657470703125,-2.8832521438598633,faction1
-2.5102195739746094,2.3376591205596924,faction3
-3.797264814376831,-2.6483449935913086,faction1
3.3796517848968506,-2.457210063934326,faction2
2.5264358520507812,-0.44607681035995483,faction2
-3.9481101036071777,-2.4503207206726074,faction1
1.5029525756835938,-2.873053550720215,faction2
-1.811943531036377,2.9463987350463867,faction3
3.7916359901428223,-0.6577003002166748,faction2
-0.6422907710075378,-3.732693672180176,faction1
2.3810648918151855,1.2066068649291992,faction2
1.3851869106292725,-2.123255729675293,faction1
-3.337646961212158,-2.383249044418335,faction1
-0.026176348328590393,-3.344839572906494,faction1
3.2413008213043213,1.9336532354354858,faction2
-2.5992605686187744,1.6969122886657715,faction3
0.5556936264038086,-1.0934162139892578,faction2
-2.219494342803955,-2.304419994354248,faction1
-0.334035187959671,-4.799664497375488,faction1
0.5193608403205872,-2.6550240516662598,faction1
-0.7298879027366638,-3.9041755199432373,faction1
1.872572422027588,-1.9248735904693604,faction2
2.538935422897339,-0.6399117112159729,faction2
2.3140828609466553,0.7963927984237671,faction2
1.8480793237686157,-1.1751766204833984,faction2
-2.439589023590088,2.613629102706909,faction3
2.917454481124878,-1.3946924209594727,faction2
0.07428907603025436,-2.7065505981445312,faction1
1.8779346942901611,1.0947909355163574,faction2
2.8586883544921875,-0.1363179087638855,faction2
-2.8489930629730225,-1.8315694332122803,faction1
-1.5086934566497803,0.1637389361858368,faction3
0.687141478061676,-1.350905418395996,faction1
-0.4906735420227051,-2.383344888687134,faction1
-4.450197219848633,2.541236400604248,faction3
1.581180453300476,-3.5578927993774414,faction1
2.847635269165039,0.2660265266895294,faction2
-3.0522091388702393,2.9095773696899414,faction3
-1.682713508605957,0.8787419199943542,faction3
-4.615578651428223,-2.827939033508301,faction1
-0.8928378820419312,-2.206876516342163,faction1
-0.43857645988464355,-3.5690860748291016,faction1
-0.10826321691274643,2.4009861946105957,faction3
3.3826961517333984,1.4587006568908691,faction2
0.5548019409179688,0.8696213364601135,faction2
-0.4947052597999573,1.302467942237854,faction3
-0.5050063729286194,2.494863510131836,faction3
-1.6308507919311523,-4.014772415161133,faction1
3.564608097076416,-0.9405174255371094,faction2
-0.6924418807029724,-2.8504011631011963,faction1
-3.035491943359375,1.1807265281677246,faction3
0.7078942060470581,-2.3609681129455566,faction1
-3.639824151992798,1.6191112995147705,faction3
0.3106232285499573,-1.8188008069992065,faction1
-3.1069114208221436,3.1641061305999756,faction3
-1.1449071168899536,1.0943242311477661,faction3
0.023236721754074097,-2.9501171112060547,faction1
1.9723234176635742,-2.9361934661865234,faction1
3.048710823059082,-2.885746479034424,faction2
-1.4827170372009277,-4.013296604156494,faction1
0.08585377782583237,-1.3686093091964722,faction1
-1.512128233909607,-0.07719644904136658,faction3
-0.22021576762199402,2.555713176727295,faction3
2.3131415843963623,-2.090613603591919,faction1
0.19444310665130615,-2.8906900882720947,faction1
-3.5044169425964355,-2.870514392852783,faction1
1.0663361549377441,-0.21688710153102875,faction2
-3.171304225921631,-2.5335750579833984,faction1
-2.399754762649536,2.3179831504821777,faction3
-0.2895697355270386,-1.6789162158966064,faction2
-3.0753746032714844,1.812907338142395,faction3
-0.9307857155799866,-4.553162574768066,faction1
2.325343608856201,-2.5683536529541016,faction2
-2.5236759185791016,-4.029417037963867,faction1
0.428843230009079,-1.794219970703125,faction1
2.9140517711639404,-1.5028529167175293,faction2
1.1432669162750244,-2.3113644123077393,faction1
-2.3317432403564453,1.2106069326400757,faction3
0.5384803414344788,1.3413549661636353,faction3
-0.980726957321167,-3.750246524810791,faction1
-2.0828049182891846,0.9939309358596802,faction3
3.1236886978149414,-3.112041473388672,faction2
-2.9823713302612305,2.3942105770111084,faction3
-0.7093504667282104,-2.3907153606414795,faction1
0.5614156723022461,1.431219458580017,faction3
2.5731778144836426,-1.0358524322509766,faction2
2.0133118629455566,-2.1952507495880127,faction2
-0.43675124645233154,-3.3443307876586914,faction1
-1.5991474390029907,-3.0630128383636475,faction1
-1.6153149604797363,1.8730663061141968,faction3
2.2942166328430176,-0.9515174627304077,faction2
-0.23021134734153748,-1.3209913969039917,faction1
3.2290666103363037,1.4138219356536865,faction2
0.1322239637374878,-4.170768737792969,faction1
-2.0628042221069336,-3.63131046295166,faction1
-0.1024986058473587,-1.564332127571106,faction1
0.42976662516593933,-2.5166451930999756,faction2
-0.5045590996742249,0.5482125282287598,faction3
-4.088114261627197,3.2325472831726074,faction3
0.895071804523468,-3.652174234390259,faction1
-1.5890746116638184,1.1333143711090088,faction3
0.5969438552856445,-0.10152149200439453,faction2
1.7982041835784912,-3.0002596378326416,faction1
-0.037313297390937805,-2.8884854316711426,faction1
2.3067800998687744,-2.4103572368621826,faction2
0.15502630174160004,-4.3024797439575195,faction1
-2.4807515144348145,-2.8422021865844727,faction1
2.155397891998291,-2.7222678661346436,faction1
-0.4611234664916992,-3.473752737045288,faction1
-0.14046594500541687,-3.114884614944458,faction1
1.6678152084350586,1.5922139883041382,faction2
-0.5643844604492188,-2.968714475631714,faction1
0.10950755327939987,1.0611109733581543,faction3
0.994953453540802,-1.840907096862793,faction1
1.877039909362793,-0.014074385166168213,faction2
-0.7988376021385193,-2.573204517364502,faction1
0.3413304090499878,-2.0477592945098877,faction1
-0.9453349113464355,-2.308598756790161,faction1
2.9385950565338135,-2.6643238067626953,faction2
1.4343994855880737,-2.529927968978882,faction1
-1.3894845247268677,1.6002086400985718,faction3
-1.8152685165405273,-2.712122678756714,faction1
1.9276199340820312,1.1648670434951782,faction2
-2.0408434867858887,-2.624688148498535,faction1
-0.03139537572860718,-3.879215955734253,faction1
2.115429401397705,0.6685720086097717,faction2
-1.1117205619812012,0.39380401372909546,faction3
-2.900805950164795,0.9011284708976746,faction3
3.0248470306396484,-2.1476306915283203,faction2
0.9862473607063293,-3.102692127227783,faction1
-2.713803291320801,-3.2400193214416504,faction1
2.070209503173828,-0.7189960479736328,faction2
0.7636520266532898,-3.1915268898010254,faction1
2.855660915374756,-1.910109281539917,faction2
-2.4927568435668945,-2.232051134109497,faction1
-0.8281216621398926,-2.9661457538604736,faction1
1.3135921955108643,0.06650252640247345,faction2
0.4043737053871155,-0.2296542227268219,faction2
3.2866387367248535,-2.136669158935547,faction2
3.7173805236816406,-1.5868873596191406,faction2
0.008012816309928894,-1.810176134109497,faction1
-3.0242743492126465,3.1373367309570312,faction3
1.7035906314849854,-2.794219493865967,faction1
-1.5228568315505981,0.05528213083744049,faction3
1.02324640750885,-3.757920265197754,faction1
-0.9105615019798279,-3.6788852214813232,faction1
-3.4512085914611816,1.8590189218521118,faction3
-1.5008964538574219,0.323932409286499,faction3
-2.8202362060546875,1.7533574104309082,faction3
-0.9606504440307617,-0.1680755466222763,faction3
0.7685838341712952,-3.4315404891967773,faction1
-1.8397088050842285,1.193282127380371,faction3
-2.688242197036743,-3.339531898498535,faction1
2.7370736598968506,-1.2424637079238892,faction2
2.285083055496216,1.554172158241272,faction2
-1.8548264503479004,-3.9944679737091064,faction1
2.320011615753174,-2.226267099380493,faction2
2.8227291107177734,-1.8295373916625977,faction2
-2.4240102767944336,1.0609915256500244,faction3
-3.6431188583374023,-2.7438249588012695,faction1
2.9662697315216064,-2.485044479370117,faction2
2.487119197845459,-1.8432698249816895,faction2
-2.571242332458496,2.253566265106201,faction3
2.3501734733581543,-0.3928012549877167,faction2
0.1487758457660675,-3.664632797241211,faction1
1.1013479232788086,-2.21443247795105,faction1
-1.0658371448516846,-2.5788464546203613,faction1
0.7376082539558411,-0.13164682686328888,faction2
-0.280689001083374,-3.1581897735595703,faction1
-2.179544448852539,2.5038914680480957,faction3
-1.268115758895874,-2.9047698974609375,faction1
0.43630480766296387,-2.7654964923858643,faction1
3.5783350467681885,-1.4465912580490112,faction2
2.3411812782287598,-2.2749478816986084,faction1
0.5535181760787964,-1.7096304893493652,faction1
1.4159040451049805,-0.9594945311546326,faction2
-0.21351812779903412,-3.879379987716675,faction1
-2.2537732124328613,2.7669925689697266,faction3
-3.2008981704711914,-3.241184711456299,faction1
-1.2090861797332764,-3.8388140201568604,faction1
-1.9992775917053223,-3.838637351989746,faction1
-1.6468026638031006,-2.944063663482666,faction1
0.8975010514259338,-2.9275999069213867,faction1
-2.110198497772217,0.5591866374015808,faction3
0.4727523624897003,-1.9267406463623047,faction1
1.0635195970535278,0.7296520471572876,faction2
-1.0569372177124023,-3.604097366333008,faction1
0.10723209381103516,1.9660005569458008,faction3
3.049203872680664,2.338743209838867,faction2
-1.017585039138794,-3.1831305027008057,faction1
-2.5178394317626953,1.020035743713379,faction3
-0.5994920134544373,1.728268027305603,faction3
0.9675969481468201,-2.619278907775879,faction1
-1.104263186454773,-3.802884101867676,faction1
1.6733300685882568,-1.0281376838684082,faction2
-0.4313699007034302,2.3729588985443115,faction3
-2.796964645385742,3.5504796504974365,faction3
2.6202332973480225,1.2109506130218506,faction2
-2.4191956520080566,2.6917874813079834,faction3
-1.8922439813613892,0.558498203754425,faction3
2.5864381790161133,1.5936279296875,faction2
2.723613739013672,0.2586149275302887,faction2
2.294097900390625,-2.294889211654663,faction2
-2.7337646484375,1.2181448936462402,faction3
-2.9504282474517822,-1.922987937927246,faction1
0.3373202085494995,-1.93380606174469,faction1
1.839881181716919,-0.7475613355636597,faction2
-0.3230837881565094,-2.4419586658477783,faction1
3.091423988342285,-2.9993181228637695,faction2
1.5365301370620728,-3.1629302501678467,faction1
-0.04829685389995575,2.385951042175293,faction3
2.661484718322754,-2.841237783432007,faction2
2.305586576461792,1.017150640487671,faction2
-1.5341343879699707,2.012979507446289,faction3
-2.3271126747131348,0.5693546533584595,faction3
-3.0978188514709473,-3.3968331813812256,faction1
-1.403813123703003,1.306494951248169,faction3
2.7191436290740967,-1.6565507650375366,faction2
0.6166205406188965,-1.6522523164749146,faction2
0.030543847009539604,-1.623387336730957,faction1
1.141832709312439,-2.599257469177246,faction1
-1.3483436107635498,-3.625819206237793,faction1
-2.4359569549560547,-3.770350456237793,faction1
2.2772459983825684,0.6086514592170715,faction2
3.7316040992736816,-0.47131723165512085,faction2
0.13793474435806274,0.24855521321296692,faction2
-3.188713788986206,-3.1274771690368652,faction1
0.32523059844970703,-1.27508544921875,faction1
-0.9537001848220825,-2.981658697128296,faction1
-1.280889630317688,-4.189174175262451,faction1
3.7247095108032227,-1.8744887113571167,faction2
-2.3972535133361816,-3.4688549041748047,faction1
0.3587743639945984,-3.384059190750122,faction1
0.15494391322135925,0.8495688438415527,faction3
1.4930003881454468,-0.4501829445362091,faction2
2.0990049839019775,-2.082045555114746,faction1
-3.608289957046509,-1.9047846794128418,faction1
2.123086452484131,-2.565211057662964,faction2
-2.5910983085632324,3.0295844078063965,faction3
0.23086200654506683,1.6574358940124512,faction3
1.43415367603302,-1.3715630769729614,faction2
-1.6840404272079468,1.619502067565918,faction3
1.056457281112671,-3.631824016571045,faction1
-1.8518109321594238,0.16844162344932556,faction3
-0.3899073600769043,-2.337048053741455,faction1
2.0028316974639893,1.0198135375976562,faction2
2.4987285137176514,1.1069388389587402,faction2
-1.1994540691375732,2.044365406036377,faction3
2.978745698928833,1.9094115495681763,faction2
-2.031982421875,0.8466726541519165,faction3
-0.9159488677978516,-1.3971171379089355,faction1
0.22048798203468323,-2.973212242126465,faction1
-0.8222693204879761,-3.114854335784912,faction1
1.9791460037231445,-2.8354809284210205,faction1
-3.0347673892974854,0.9808076024055481,faction3
-1.3705099821090698,-3.808917999267578,faction1
1.7315635681152344,1.699110984802246,faction2
-0.7093786597251892,-2.0164544582366943,faction1
-2.5973923206329346,-2.41123366355896,faction1
3.953735828399658,-2.3389415740966797,faction2
0.06389205157756805,-4.390648365020752,faction1
-2.716381311416626,1.2985631227493286,faction3
0.4033089280128479,-1.8510894775390625,faction2
-2.265284538269043,1.2691106796264648,faction3
1.4079633951187134,-2.2334253787994385,faction1
0.8948363065719604,-0.014586448669433594,faction2
1.1301028728485107,-1.9618244171142578,faction2
2.5142242908477783,0.13198725879192352,faction2
-1.184648036956787,1.3408231735229492,faction3
-2.2553131580352783,1.7043486833572388,faction3
-0.4964354336261749,2.1037323474884033,faction3
1.2064127922058105,-2.4629242420196533,faction1
-3.323514938354492,1.7085715532302856,faction3
-2.1306867599487305,-2.6413798332214355,faction1
-2.253756046295166,2.3344459533691406,faction3
1.916092872619629,-2.2001044750213623,faction2
2.8150742053985596,0.4289588928222656,faction2
3.2393550872802734,2.3336801528930664,faction2
0.9940023422241211,-0.31212687492370605,faction2
-1.6569511890411377,-1.7992877960205078,faction1
2.9298319816589355,-1.1790975332260132,faction2
3.563789129257202,0.2952852249145508,faction2
2.3959178924560547,-1.4292182922363281,faction2
0.7722220420837402,0.3640257716178894,faction2
1.9301869869232178,-1.4258575439453125,faction2
-2.332932949066162,1.3125026226043701,faction3
2.0807647705078125,-0.11118893325328827,faction2
2.8213083744049072,-3.021697521209717,faction2
-2.7555789947509766,-1.7610011100769043,faction1
1.499457836151123,-2.121568202972412,faction1
0.7517141103744507,-0.8143242597579956,faction2
3.7972917556762695,-1.2586214542388916,faction2
0.3905482590198517,-1.8540962934494019,faction1
-0.7561039924621582,-2.1643452644348145,faction1
0.785832405090332,-3.296830654144287,faction1
0.46487894654273987,1.3858088254928589,faction3
0.9798654317855835,-2.0634682178497314,faction1
2.9957733154296875,-0.057053953409194946,faction2
-0.38819026947021484,-1.0506138801574707,faction1
-3.2237489223480225,-2.825892686843872,faction1
-2.220348358154297,-2.5205392837524414,faction1
-3.4037206172943115,-2.6644811630249023,faction1
-2.4109554290771484,1.3521180152893066,faction3
0.32826197147369385,-3.4606573581695557,faction1
-1.7375729084014893,-2.6659774780273438,faction1
-1.8825809955596924,0.8530394434928894,faction3
1.715527057647705,-3.0115439891815186,faction1
-2.789330005645752,-2.3059144020080566,faction1
1.3900388479232788,-1.0975850820541382,faction2
-0.09645146876573563,-3.1664986610412598,faction1
2.8068861961364746,0.7350196838378906,faction2
-2.0919559001922607,2.5906662940979004,faction3
2.1578803062438965,-2.785390615463257,faction2
-1.6913089752197266,0.2843490242958069,faction3
1.6283785104751587,-3.190568447113037,faction1
-3.505610704421997,1.5585741996765137,faction3
0.6332302093505859,1.1541600227355957,faction2
3.184767723083496,-0.011731162667274475,faction2
0.08914905041456223,-3.463047981262207,faction1
-1.4496394395828247,0.5661718249320984,faction3
-2.225527763366699,3.101372718811035,faction3
-2.1268813610076904,-2.169123649597168,faction1
0.28302016854286194,-3.5452463626861572,faction1
-1.0139780044555664,0.29850566387176514,faction3
1.8138515949249268,-1.8947391510009766,faction1
2.4658203125,-1.579885721206665,faction2
-0.4168547987937927,-3.0302743911743164,faction1
-2.2981462478637695,0.680286169052124,faction3
-1.1707323789596558,-2.992565155029297,faction1
-0.6874011754989624,-2.127936601638794,faction1
2.2055583000183105,1.1461796760559082,faction2
3.982578754425049,-1.8314905166625977,faction2
-4.264962673187256,1.9003239870071411,faction3
-1.4447979927062988,-2.4664862155914307,faction1
-3.250486373901367,-3.6365842819213867,faction1
-1.8268725872039795,1.9421411752700806,faction3
-1.474257469177246,-3.13900089263916,faction1
0.8360270261764526,-1.7663296461105347,faction1
2.771655559539795,-3.1777613162994385,faction2
2.9033992290496826,-3.1423234939575195,faction2
0.7329378128051758,-0.6989059448242188,faction2
0.9506579637527466,-3.00162410736084,faction1
1.4855921268463135,-2.4254162311553955,faction1
-1.3783551454544067,0.7042860984802246,faction3
-1.8091661930084229,-2.8356475830078125,faction1
-2.2200138568878174,-2.6518352031707764,faction1
1.6412575244903564,-2.6979215145111084,faction1
-2.402772903442383,-3.910064458847046,faction1
-0.6742562055587769,-3.551255226135254,faction1
1.2003321647644043,-3.4094996452331543,faction1
-0.050916608422994614,-1.561558723449707,faction2
1.8819164037704468,-2.701885223388672,faction1
1.1328485012054443,0.805831253528595,faction2
3.328336477279663,-2.558131217956543,faction2
-0.09482511878013611,-4.007580280303955,faction1
-2.942861795425415,-2.9078071117401123,faction1
3.9174282550811768,-1.6841894388198853,faction2
-1.9328231811523438,-2.657071352005005,faction1
-0.7078170776367188,2.041001319885254,faction3
-2.4175188541412354,0.6610317826271057,faction3
-2.515899896621704,0.879380464553833,faction3
3.01336669921875,-3.114678382873535,faction2
3.17555832862854,-0.22147054970264435,faction2
0.1357460618019104,-2.1964523792266846,faction1
-0.2316024899482727,-4.2961320877075195,faction1
-2.86232852935791,2.4091382026672363,faction3
-3.5028815269470215,2.9526634216308594,faction3
1.5328291654586792,0.753204345703125,faction2
-1.7626338005065918,-2.5506606101989746,faction1
-1.9138485193252563,0.22237715125083923,faction3
1.0072959661483765,-0.5523955225944519,faction2
0.31957846879959106,-1.6464593410491943,faction2
0.8004744648933411,-1.6017273664474487,faction2
0.8495341539382935,-3.4135162830352783,faction1
-0.0538136288523674,-2.15820050239563,faction1
1.7662376165390015,-2.896773099899292,faction1
-2.393205165863037,1.5089163780212402,faction3
3.2476887702941895,-2.788966178894043,faction2
-2.6942896842956543,0.7810972929000854,faction3
-2.3539724349975586,0.7592543959617615,faction3
-2.85540509223938,-2.575629949569702,faction1
-2.2931058406829834,2.88136887550354,faction3
3.5105478763580322,-0.053188107907772064,faction2
-2.546816349029541,3.357800006866455,faction3
-0.20137837529182434,-2.5536675453186035,faction1
1.0236889123916626,-2.9048686027526855,faction2
0.6398143768310547,-0.7597855925559998,faction2
1.6940076351165771,0.9638973474502563,faction2
-1.7047135829925537,-2.7607250213623047,faction1
1.339410662651062,-2.4687039852142334,faction1
0.4562670886516571,-2.6348772048950195,faction2
-1.4133057594299316,1.194812536239624,faction3
-0.06366139650344849,-4.729806423187256,faction1
-0.507604718208313,-2.123185634613037,faction1
0.7474297285079956,-0.33595430850982666,faction2
2.536383628845215,-2.040980577468872,faction2
-2.028388023376465,1.7157368659973145,faction3
3.467194080352783,-0.7772836685180664,faction2
-1.5540944337844849,-3.446432590484619,faction1
-0.9423108696937561,-2.5001513957977295,faction1
-2.33353328704834,3.0043301582336426,faction3
0.412735253572464,-1.9892500638961792,faction1
-1.9721577167510986,0.1420193612575531,faction3
3.328444004058838,1.5928726196289062,faction2
0.6839907169342041,-1.7450685501098633,faction1
1.6468852758407593,-2.9319188594818115,faction1
2.834153175354004,-2.712143898010254,faction2
1.5969709157943726,1.3756790161132812,faction2
-3.680903434753418,1.9112725257873535,faction3
-1.9680769443511963,-2.375161647796631,faction1
-1.5003116130828857,0.49840617179870605,faction3
0.8266706466674805,-1.2387351989746094,faction2
-3.2218384742736816,1.0274510383605957,faction3
-3.740889310836792,-2.4170589447021484,faction1
0.7451235055923462,-1.9411277770996094,faction1
1.4528993368148804,-1.9083584547042847,faction1
3.0174074172973633,1.6645394563674927,faction2
0.4061037003993988,-1.4062777757644653,faction2
1.2568429708480835,-2.681519031524658,faction1
0.9625718593597412,-3.4677720069885254,faction1
3.107147693634033,-2.6201188564300537,faction2
3.6350388526916504,-2.862957000732422,faction2
-1.9744998216629028,-3.6155941486358643,faction1
3.051328659057617,-1.768777847290039,faction2
0.12509062886238098,-3.167268753051758,faction1
1.7152745723724365,-2.0460681915283203,faction2
1.2524317502975464,-0.14379411935806274,faction2
-3.24700665473938,-2.465341091156006,faction1
0.014559924602508545,-3.421664237976074,faction1
3.1381332874298096,1.9663581848144531,faction2
0.21457181870937347,-4.253133773803711,faction1
-2.3235650062561035,0.3059573173522949,faction3
-2.3153438568115234,2.275559902191162,faction3
1.5116424560546875,-2.636932373046875,faction1
2.6104369163513184,1.0021607875823975,faction2
-2.4049665927886963,2.5428547859191895,faction3
3.365471601486206,-2.159243583679199,faction2
-4.432066440582275,2.2351884841918945,faction3
0.8809031248092651,-2.355602979660034,faction1
2.260686159133911,0.9250807762145996,faction2
1.021520733833313,1.3920807838439941,faction2
-0.03893040120601654,-4.083147048950195,faction1
0.2382970154285431,-2.740272045135498,faction1
-2.484241247177124,1.5604662895202637,faction3
0.8631085157394409,-0.6270711421966553,faction2
1.5552252531051636,-1.8711028099060059,faction1
-1.6476762294769287,-2.8489747047424316,faction1
2.376458168029785,-2.0805306434631348,faction2
0.7832884192466736,-0.4677584171295166,faction2
1.8581457138061523,-1.816493034362793,faction2
1.2989459037780762,-1.6709322929382324,faction2
-2.1945910453796387,2.948176860809326,faction3
2.525869846343994,0.9103145003318787,faction2
-1.306912899017334,-4.070435047149658,faction1
-2.502340316772461,-2.412116527557373,faction1
-0.5038701295852661,-4.029306411743164,faction1
-2.498885154724121,-1.676103115081787,faction1
-3.320824384689331,1.0609240531921387,faction3
1.562603235244751,-0.9601333141326904,faction2
-1.6917325258255005,0.6760224103927612,faction3
-2.902468681335449,3.812166929244995,faction3
0.7936919331550598,-1.2319886684417725,faction1
-2.931363105773926,-1.7636675834655762,faction1
-1.8074852228164673,0.29555419087409973,faction3
1.206831932067871,-0.7836627960205078,faction2
-4.217368125915527,1.6970338821411133,faction3
-2.8526241779327393,3.0300190448760986,faction3
3.031294345855713,-1.4726914167404175,faction2
-0.34411782026290894,1.1131712198257446,faction3
-1.8606501817703247,1.026915431022644,faction3
2.5194642543792725,-1.4783390760421753,faction2
-0.4712112545967102,-3.0085630416870117,faction1
0.034866899251937866,-3.1381239891052246,faction1
-2.7183146476745605,3.026369571685791,faction3
3.337989330291748,-2.74110746383667,faction2
2.3328018188476562,-2.3788270950317383,faction1
2.4225940704345703,-1.0310344696044922,faction2
0.7334514260292053,-2.6393961906433105,faction2
-3.3010001182556152,-2.718616247177124,faction1
1.604438304901123,-1.0957558155059814,faction2
2.8020148277282715,-1.9701955318450928,faction2
0.3797096312046051,-3.1347787380218506,faction1
2.689727783203125,1.479823112487793,faction2
-2.589237689971924,2.095163345336914,faction3
1.834688425064087,-1.9913907051086426,faction1
1.2665783166885376,-2.3054115772247314,faction1
1.8032760620117188,-0.9015095829963684,faction2
-2.6855416297912598,1.1384150981903076,faction3
3.0089244842529297,-0.35286250710487366,faction2
-0.1754048764705658,-2.769249439239502,faction1
3.5733394622802734,-1.9218147993087769,faction2
-2.672731637954712,1.4831180572509766,faction3
-3.5746543407440186,3.384514808654785,faction3
1.473888635635376,-3.2229435443878174,faction1
1.3442803621292114,-2.2858049869537354,faction1
-1.6372634172439575,-3.009194850921631,faction1
-3.0720484256744385,-3.217400074005127,faction1
0.3996884822845459,1.757117748260498,faction3
1.1350425481796265,0.3018608093261719,faction2
0.12717309594154358,-3.7637593746185303,faction1
0.8611575365066528,1.4070838689804077,faction2
3.1575043201446533,1.7933365106582642,faction2
2.308819532394409,-1.934185266494751,faction2
-2.6501259803771973,2.834231376647949,faction3
2.354890823364258,1.383503794670105,faction2
-3.823927879333496,2.2537121772766113,faction3
-0.2695508599281311,-1.5683512687683105,faction2
1.7149741649627686,-3.093322515487671,faction1
-2.320338249206543,1.7960087060928345,faction3
0.021934598684310913,-0.10811710357666016,faction2
2.4415197372436523,1.569379210472107,faction2
-1.268130898475647,0.4568931758403778,faction3
-1.8201769590377808,-2.435886859893799,faction1
1.2950960397720337,-2.997255563735962,faction1
3.1863656044006348,0.4147014915943146,faction2
-0.42522183060646057,-1.441727876663208,faction1
-0.8144715428352356,1.803188681602478,faction3
2.9649109840393066,-2.8529913425445557,faction2
-3.2047128677368164,3.4645214080810547,faction3
-1.9083647727966309,3.0638701915740967,faction3
-1.8542691469192505,-2.5954740047454834,faction1
3.3192343711853027,-2.9114866256713867,faction2
2.1982192993164062,-2.283278703689575,faction2
1.570642352104187,-1.237939476966858,faction2
3.7231781482696533,-2.3068196773529053,faction2
3.2553622722625732,-2.658965587615967,faction2
-1.1641085147857666,0.2405075877904892,faction3
2.6338677406311035,-2.639193058013916,faction2
-1.3102543354034424,-2.294081449508667,faction1
-0.5144388675689697,-3.924478530883789,faction1
-2.309664249420166,-2.585660934448242,faction1
-1.2188183069229126,2.165828227996826,faction3
-2.5265707969665527,2.628021001815796,faction3
-2.211754083633423,0.15134942531585693,faction3
1.005176067352295,-2.1675212383270264,faction1
0.9497699737548828,-3.5450942516326904,faction1
0.6183757781982422,-0.970042884349823,faction2
-3.1131107807159424,3.0268752574920654,faction3
-2.5014567375183105,1.1832664012908936,faction3
-2.807887077331543,-2.450613260269165,faction1
-3.088308334350586,-2.1011362075805664,faction1
3.181540012359619,-3.198047399520874,faction2
0.6868100762367249,-3.114865779876709,faction1
-0.00273779034614563,-3.2188644409179688,faction1
-0.026646818965673447,-1.4433668851852417,faction2
3.860795736312866,-0.9981610774993896,faction2
1.4953893423080444,-1.8792030811309814,faction2
2.26125431060791,-2.673130512237549,faction2
-0.41911742091178894,2.1553807258605957,faction3
2.963982105255127,-2.7630903720855713,faction2
1.0370533466339111,-2.897264003753662,faction1
-2.0839688777923584,0.7478632926940918,faction3
0.5214318633079529,-0.18210217356681824,faction2
0.47393226623535156,1.6340091228485107,faction3
-0.9229079484939575,-4.2299699783325195,faction1
-1.6351758241653442,0.5803134441375732,faction3
-1.8473724126815796,0.3943520188331604,faction3
-1.816288709640503,0.9168742895126343,faction3
1.3867474794387817,-0.11020165681838989,faction2
-2.473385810852051,-3.107301712036133,faction1
1.7576265335083008,0.8806543350219727,faction2
0.234604150056839,-1.6030032634735107,faction1
-0.6165745258331299,-3.4130120277404785,faction1
0.787010908126831,-0.6017760038375854,faction2
1.0557377338409424,-1.057690143585205,faction2
1.5104132890701294,-2.783588409423828,faction1
-2.014587879180908,-2.208620071411133,faction1
1.3910346031188965,-2.0194966793060303,faction1
-1.2033127546310425,-3.5269792079925537,faction1
-0.9280156493186951,-3.3233766555786133,faction1
-1.3829189538955688,2.1929423809051514,faction3
-3.806887626647949,-2.9108424186706543,faction1
1.609563946723938,-2.3261466026306152,faction2
0.35917168855667114,-3.856504440307617,faction1
2.2772960662841797,-2.008840560913086,faction2
-0.9176448583602905,-2.895477294921875,faction1
-2.1403467655181885,1.6208575963974,faction3
2.401782274246216,-2.38582181930542,faction2
1.5739656686782837,-0.2780599594116211,faction2
-0.3626308739185333,0.7430925369262695,faction3
1.520272970199585,-0.8413325548171997,faction2
-4.434810638427734,-2.729703664779663,faction1
-1.7471529245376587,0.7883096933364868,faction3
0.5600335597991943,-3.423427104949951,faction1
1.3591625690460205,-1.8671691417694092,faction2
0.8966547846794128,-1.5103766918182373,faction2
-3.850083827972412,-3.296821117401123,faction1
0.001875266432762146,0.16176266968250275,faction2
-2.9047977924346924,-2.6841068267822266,faction1
-0.425803005695343,-1.662952184677124,faction1
-0.4091954827308655,-3.8878488540649414,faction1
-2.478005886077881,-2.0937623977661133,faction1
0.8391454219818115,-2.500711679458618,faction1
-2.3224363327026367,-3.660393476486206,faction1
3.3408212661743164,1.3374624252319336,faction2
-0.2671652138233185,-2.8425116539001465,faction1
1.9651131629943848,-2.5369277000427246,faction1
-0.053477078676223755,-4.168526649475098,faction1
-3.145035982131958,2.0573647022247314,faction3
-2.574747085571289,3.531649112701416,faction3
-2.1676816940307617,-3.067288398742676,faction1
1.7623960971832275,-1.717798113822937,faction1
0.779728889465332,-1.6573238372802734,faction1
-3.896807909011841,-2.914146900177002,faction1
-2.8573718070983887,3.505892276763916,faction3
-1.971606731414795,-2.5614635944366455,faction1
0.5977610945701599,-3.6466927528381348,faction1
-1.188183307647705,-4.572933197021484,faction1
1.7800328731536865,-2.661709785461426,faction1
-0.2936549186706543,-1.572021245956421,faction1
-0.6785445213317871,-4.388605117797852,faction1
0.09587565064430237,-3.9275355339050293,faction1
-1.942602515220642,-3.4026989936828613,faction1
0.9766699075698853,-1.3574351072311401,faction1
-2.394375801086426,-3.266744613647461,faction1
2.639603614807129,-3.2444894313812256,faction2
0.6696621179580688,-3.4683451652526855,faction1
0.9643516540527344,-0.08696554601192474,faction2
0.47277453541755676,-2.2026937007904053,faction2
-1.7338491678237915,2.4587907791137695,faction3
-0.7167671918869019,-3.405845880508423,faction1
-2.5981431007385254,-3.10178279876709,faction1
2.7014307975769043,-2.3610074520111084,faction2
2.5708656311035156,-2.5188329219818115,faction2
-0.6396497488021851,-3.6076183319091797,faction1
-1.3908400535583496,-3.266054630279541,faction1
-3.106158971786499,-2.689342737197876,faction1
0.1359138786792755,0.02514834702014923,faction2
0.2855835258960724,-1.4372215270996094,faction1
-0.0942736491560936,-3.445441484451294,faction1
2.3456475734710693,0.9197806715965271,faction2
0.10789214074611664,1.2363001108169556,faction3
0.5316229462623596,-3.768702745437622,faction1
-1.6437371969223022,0.7650966644287109,faction3
2.3746206760406494,-2.1793453693389893,faction2
-2.540621519088745,-3.4470980167388916,faction1
-2.652907371520996,0.6583685874938965,faction3
1.3216569423675537,-1.9574618339538574,faction1
0.35672247409820557,-1.143215537071228,faction1
-0.291911780834198,-3.3866984844207764,faction1
2.527879476547241,-0.30609330534935,faction2
-2.416686773300171,1.1600884199142456,faction3
0.3587840795516968,-3.2014880180358887,faction1
1.7098908424377441,-2.4249861240386963,faction1
0.5478183031082153,-3.119237184524536,faction1
-3.7420666217803955,2.5951955318450928,faction3
-0.8210252523422241,-2.713409900665283,faction1
-1.3353700637817383,1.266024112701416,faction3
0.4604809880256653,-3.457364082336426,faction1
-2.0300240516662598,3.0965921878814697,faction3
0.04008510708808899,-4.249820232391357,faction1
2.726707935333252,-0.17127656936645508,faction2
1.0001513957977295,-3.0401158332824707,faction2
-2.0629520416259766,0.28385207056999207,faction3
1.2532193660736084,0.162880077958107,faction2
0.35864800214767456,-2.294471502304077,faction2
3.3885796070098877,0.9417600631713867,faction2
2.20821475982666,-2.9035322666168213,faction2
-3.606628656387329,-3.0430750846862793,faction1
3.623831033706665,-0.5660805702209473,faction2
-2.4720377922058105,2.4696621894836426,faction3
-2.390462636947632,-2.1799042224884033,faction1
-1.3362692594528198,-3.707693099975586,faction1
-0.3183633089065552,-3.903507947921753,faction1
-1.2091516256332397,0.5526503920555115,faction3
2.04010009765625,-2.7458605766296387,faction1
3.300199031829834,-0.38840365409851074,faction2
1.2994836568832397,-2.0534403324127197,faction1
-2.810760974884033,1.017688274383545,faction3
2.0793726444244385,-1.8127949237823486,faction1
0.9230635762214661,-3.1827945709228516,faction1
-2.9310147762298584,2.590970516204834,faction3
-1.356856346130371,0.16864648461341858,faction3
2.6459808349609375,-0.5790821313858032,faction2
0.44113609194755554,-3.5658349990844727,faction1
-3.120007038116455,-2.827624559402466,faction1
-1.5428853034973145,0.24082735180854797,faction3
-0.16749325394630432,-2.9266514778137207,faction1
-1.9127373695373535,0.3474828004837036,faction3
1.1780632734298706,-0.5071566104888916,faction2
0.2775012254714966,-0.7035824656486511,faction2
2.1691272258758545,-2.6167187690734863,faction1
-2.350649118423462,-2.3300445079803467,faction1
2.101557731628418,-2.384995222091675,faction2
0.2345106303691864,-3.7329702377319336,faction1
3.531424045562744,-1.8203988075256348,faction2
-2.609267234802246,1.032723069190979,faction3
-0.03680364787578583,-3.6742820739746094,faction1
2.6672422885894775,-1.1927084922790527,faction2
-2.2578811645507812,1.3897500038146973,faction3
-4.092959403991699,1.66949462890625,faction3
1.9818041324615479,1.4106738567352295,faction2
-0.052760571241378784,1.851352334022522,faction3
0.940122663974762,0.06762410700321198,faction2
-1.3026461601257324,2.2513427734375,faction3
-1.8160269260406494,1.1132168769836426,faction3
1.488520860671997,-2.2075183391571045,faction1
3.6491479873657227,-3.1824722290039062,faction2
-2.6887435913085938,0.9419673681259155,faction3
-1.7241570949554443,0.08512310683727264,faction3
1.14897620677948,-3.256636619567871,faction1
-0.17075073719024658,-1.5228347778320312,faction1
1.113078236579895,-1.4983409643173218,faction2
-2.1813504695892334,0.7759312391281128,faction3
1.1201893091201782,-1.9287382364273071,faction1
1.476338267326355,-3.501551628112793,faction1
3.3669238090515137,-0.3357091248035431,faction2
0.3786790072917938,-3.0457820892333984,faction1
-3.534369945526123,-2.614666700363159,faction1
0.6091117858886719,1.2600808143615723,faction3
2.76808762550354,2.185153007507324,faction2
0.8010339736938477,-2.835484743118286,faction2
-1.5934901237487793,0.11182913184165955,faction3
0.5082459449768066,-3.300966501235962,faction1
2.113938331604004,1.2826917171478271,faction2
2.0030057430267334,-2.749429702758789,faction2
-0.39297056198120117,-4.696441173553467,faction1
0.8766953945159912,-1.638594627380371,faction1
0.06291666626930237,-3.2855610847473145,faction1
-0.2784469723701477,-3.49276065826416,faction1
0.28059715032577515,-2.878701686859131,faction1
2.5878021717071533,-1.6618006229400635,faction2
-1.417851209640503,0.4116503596305847,faction3
-0.6526285409927368,-4.521735191345215,faction1
-3.6786458492279053,-2.860290050506592,faction1
2.562774181365967,-2.4165658950805664,faction2
2.020930528640747,-2.588571071624756,faction1
0.18071399629116058,-4.68709135055542,faction1
-0.04923996329307556,-1.1915974617004395,faction2
-4.329681396484375,2.6815237998962402,faction3
-2.7669148445129395,3.0851500034332275,faction3
-1.7510221004486084,1.0131351947784424,faction3
-1.9652719497680664,1.0103225708007812,faction3
-1.4010839462280273,-3.9989559650421143,faction1
3.106947898864746,0.5813087821006775,faction2
-0.002408355474472046,-1.7019917964935303,faction2
1.244114875793457,-2.017563819885254,faction2
-2.971964120864868,0.95238196849823,faction3
2.8589835166931152,-2.8457696437835693,faction2
0.677154004573822,-0.4754285514354706,faction2
0.5308935046195984,-1.8040544986724854,faction1
-0.4550551176071167,1.1569900512695312,faction3
2.4020791053771973,0.8249552249908447,faction2
1.4816577434539795,0.01450418308377266,faction2
0.05004119127988815,-0.44197848439216614,faction2
2.0650479793548584,-1.9021836519241333,faction1
1.388800024986267,-1.7363356351852417,faction2
-1.5530098676681519,-2.9299376010894775,faction1
1.719320297241211,-1.912853717803955,faction2
-1.1620440483093262,-2.6486454010009766,faction1
0.13574662804603577,-4.3577470779418945,faction1
0.6878437995910645,-1.2096821069717407,faction1
-0.8911594152450562,1.8419288396835327,faction3
-1.1975955963134766,1.9667288064956665,faction3
-3.3213114738464355,2.154761791229248,faction3
-1.380908489227295,-3.168354034423828,faction1
0.6186730265617371,-1.8761231899261475,faction1
2.6407313346862793,-1.5104384422302246,faction2
3.9347853660583496,-1.1051437854766846,faction2
0.46750888228416443,-2.2056663036346436,faction1
2.3224728107452393,1.4399231672286987,faction2
-3.283550262451172,3.0684309005737305,faction3
0.6557436585426331,-0.8952544927597046,faction2
-1.8022264242172241,2.392181634902954,faction3
-0.0004193633794784546,-0.83370041847229,faction2
0.03648463264107704,-3.707271099090576,faction1
2.6935856342315674,-1.4470406770706177,faction2
1.179955244064331,-1.6459578275680542,faction2
0.41366469860076904,-2.9264426231384277,faction1
2.824164390563965,1.6897211074829102,faction2
0.08245967328548431,-3.1966323852539062,faction1
0.740439772605896,-1.4856667518615723,faction1
-2.0779943466186523,0.16807420551776886,faction3
1.410995364189148,-1.7418882846832275,faction1
0.1516501009464264,-2.82779860496521,faction1
1.3536148071289062,-0.692875862121582,faction2
2.6325910091400146,-2.135714530944824,faction2
2.094326972961426,-2.2618625164031982,faction2
-1.341440200805664,-4.399762153625488,faction1
-1.3410577774047852,1.7662134170532227,faction3
-2.640136957168579,1.5613067150115967,faction3
-0.30844324827194214,-2.3884363174438477,faction1
-1.9552019834518433,1.0896260738372803,faction3
2.6676864624023438,0.0122611615806818,faction2
-0.08589398860931396,-4.269262313842773,faction1
0.9586642980575562,-2.456538200378418,faction1
-3.0847673416137695,1.6224113702774048,faction3
1.5249544382095337,-2.4707441329956055,faction2
-1.6137950420379639,0.22108300030231476,faction3
0.37804803252220154,0.8431673049926758,faction3
1.623585820198059,-1.9864754676818848,faction1
2.691843271255493,-1.8841896057128906,faction2
3.403254508972168,1.565606713294983,faction2
3.3351566791534424,-2.6278350353240967,faction2
0.6958703398704529,0.7610273361206055,faction2
1.1897881031036377,-0.2537531554698944,faction2
-2.8520331382751465,1.2464219331741333,faction3
-0.5760114192962646,2.4469685554504395,faction3
-3.3519973754882812,2.5985774993896484,faction3
-0.9699442386627197,-3.4679813385009766,faction1
0.9670988917350769,-2.2633068561553955,faction1
2.951584577560425,-2.0301785469055176,faction2
-0.16492456197738647,-0.6990775465965271,faction2
0.17291826009750366,-3.980292797088623,faction1
2.6296868324279785,-1.6081563234329224,faction2
2.416759490966797,-1.9641289710998535,faction2
3.162382125854492,-2.8157012462615967,faction2
-0.8206079006195068,-3.2844138145446777,faction1
-4.7171430587768555,-2.385178565979004,faction1
-3.48518705368042,1.3442885875701904,faction3
3.694185972213745,0.7858177423477173,faction2
-3.845675230026245,1.9412221908569336,faction3
-0.9153451323509216,-2.619518518447876,faction1
1.7336997985839844,-1.181481122970581,faction2
-0.8045989274978638,-4.0722575187683105,faction1
0.3559141457080841,-2.8304362297058105,faction1
3.3142943382263184,1.1650079488754272,faction2
0.22942593693733215,-1.0314470529556274,faction2
-3.903738021850586,2.683964729309082,faction3
-1.3035917282104492,0.3749619126319885,faction3
1.242668628692627,-1.7857296466827393,faction2
0.18713007867336273,1.1273382902145386,faction3
-1.055924654006958,-2.893810749053955,faction1
2.485703706741333,-2.1341536045074463,faction2
-1.5685358047485352,0.3681924641132355,faction3
0.7041109204292297,-1.5943496227264404,faction2
-3.490152359008789,3.240748882293701,faction3
-1.6081938743591309,0.001339733600616455,faction3
-3.075824737548828,0.7254490852355957,faction3
-2.8852195739746094,-2.932427167892456,faction1
3.0943403244018555,2.0435283184051514,faction2
0.1475425511598587,-2.1827571392059326,faction2
-1.728076696395874,-4.2663984298706055,faction1
2.867743492126465,0.035079509019851685,faction2
1.0468143224716187,-3.2798891067504883,faction1
-1.6655685901641846,1.3596434593200684,faction3
0.6737265586853027,-3.356475353240967,faction1
-3.27241587638855,1.5133849382400513,faction3
1.9727585315704346,-1.9472843408584595,faction1
-0.32339155673980713,-4.031728744506836,faction1
-3.7979965209960938,2.057771921157837,faction3
1.1885788440704346,-1.0137948989868164,faction2
0.3701641261577606,-0.7858713865280151,faction2
1.9526399374008179,-1.3289185762405396,faction2
-2.3230044841766357,-3.332007646560669,faction1
2.880115032196045,-2.528388261795044,faction2
2.5249946117401123,1.2873412370681763,faction2
-3.784749746322632,-2.785335063934326,faction1
1.7425241470336914,0.02356898784637451,faction2
-2.451054096221924,2.8216371536254883,faction3
0.5221352577209473,-3.2238030433654785,faction1
0.017814472317695618,-1.053544521331787,faction2
-2.011448860168457,0.949952244758606,faction3
1.7107441425323486,-1.7758808135986328,faction2
-3.5229406356811523,-2.975306272506714,faction1
3.7806789875030518,-2.2770988941192627,faction2
-3.265866756439209,-3.0952818393707275,faction1
-0.4050265848636627,-1.3066129684448242,faction2
1.7891764640808105,-1.4425634145736694,faction2
2.2556347846984863,-0.11253930628299713,faction2
0.5545191168785095,-1.5309715270996094,faction1
2.6994166374206543,-1.7766612768173218,faction2
2.8494365215301514,-0.48442280292510986,faction2
-3.680727481842041,-3.245223045349121,faction1
-1.5323282480239868,-3.035304546356201,faction1
3.586364984512329,0.8510389924049377,faction2
1.6261497735977173,0.3019714057445526,faction2
-3.0186758041381836,-3.023730754852295,faction1
-2.9015865325927734,1.6101677417755127,faction3
1.5038172006607056,-2.322749614715576,faction1
-1.0788462162017822,-4.030121803283691,faction1
-0.19374486804008484,-3.452613115310669,faction1
1.2713358402252197,-2.180507183074951,faction1
-3.9815750122070312,-3.3057565689086914,faction1
0.7850580215454102,1.5904655456542969,faction2
1.0565961599349976,-2.092621088027954,faction1
-1.4901846647262573,1.6512577533721924,faction3
3.1031057834625244,-2.7174172401428223,faction2
-3.650491237640381,2.5182628631591797,faction3
1.0722321271896362,0.13576948642730713,faction2
-0.3433871269226074,-1.3312156200408936,faction1
1.8811705112457275,-0.8433858752250671,faction2
2.0494437217712402,1.1529457569122314,faction2
-3.9653594493865967,-2.984647274017334,faction1
-0.6187194585800171,-2.4003686904907227,faction1
1.3118406534194946,-2.076519012451172,faction2
1.1898579597473145,-0.012144699692726135,faction2
-0.20506352186203003,-1.0869367122650146,faction2
-2.3086180686950684,-3.028012990951538,faction1
-0.9933446645736694,-2.6967129707336426,faction1
0.4187394678592682,-1.5428216457366943,faction2
-2.335604667663574,2.742811918258667,faction3
2.7004809379577637,2.061816692352295,faction2
2.7227704524993896,-2.2575292587280273,faction2
3.785263776779175,-1.4651479721069336,faction2
-2.4254744052886963,2.018693447113037,faction3
2.2403757572174072,-2.5813963413238525,faction1
2.976712226867676,-3.2450733184814453,faction2
0.16295138001441956,-1.0728970766067505,faction1
1.3940801620483398,0.6654911637306213,faction2
0.8287095427513123,-3.4937844276428223,faction1
2.4904112815856934,-2.368844509124756,faction2
0.7381153106689453,-1.0609960556030273,faction2
-0.7178674936294556,-4.232824802398682,faction1
-1.3345375061035156,-2.0379385948181152,faction1
-1.0707913637161255,-3.4690237045288086,faction1
-2.162670612335205,2.640852689743042,faction3
-1.9705619812011719,0.2980501055717468,faction3
0.4774332344532013,-4.521585464477539,faction1
2.4436089992523193,-2.2797303199768066,faction2
1.6533340215682983,-0.6493560671806335,faction2
1.65503990650177,-2.1629064083099365,faction2
2.552046537399292,1.4483871459960938,faction2
1.6702685356140137,-2.3203887939453125,faction1
3.3177547454833984,-0.6877126693725586,faction2
-0.35644516348838806,1.319969892501831,faction3
2.7635135650634766,-0.8917465806007385,faction2
1.9460020065307617,-2.647806167602539,faction1
-1.1602036952972412,-2.8968758583068848,faction1
3.0366995334625244,-2.5493462085723877,faction2
-0.07913313806056976,-1.875471591949463,faction1
0.1603221744298935,-1.416896939277649,faction1
-0.1727520078420639,-1.6872941255569458,faction2
0.44968539476394653,-1.6576741933822632,faction2
2.085035800933838,-2.5117347240448,faction1
0.32374998927116394,-4.247359275817871,faction1
3.581103801727295,-1.248809814453125,faction2
-3.7338733673095703,2.9152305126190186,faction3
-0.7103288769721985,-1.1463701725006104,faction1
-2.427582025527954,0.9200705885887146,faction3
-1.58646821975708,0.48935675621032715,faction3
-1.5218056440353394,1.2678992748260498,faction3
1.5766346454620361,-2.246103048324585,faction1
-1.7709606885910034,0.41680142283439636,faction3
1.8832640647888184,-2.5100619792938232,faction1
0.42787623405456543,-3.7981925010681152,faction1
0.9691102504730225,0.4454140365123749,faction2
1.4162331819534302,-0.7769815921783447,faction2
-0.22212818264961243,-3.064237356185913,faction1
-1.5920413732528687,-1.6731586456298828,faction1
0.751859188079834,-1.8130247592926025,faction1
0.05145580694079399,-1.5183175802230835,faction2
-2.4540491104125977,3.5408053398132324,faction3
-0.5188562273979187,2.189894676208496,faction3
-0.9601086378097534,-3.5944151878356934,faction1
-4.0558905601501465,-2.3653812408447266,faction1
-0.10396240651607513,-4.61104679107666,faction1
0.616413950920105,0.8554763793945312,faction3
0.5073077082633972,-3.6466503143310547,faction1
-3.505377769470215,3.6932625770568848,faction3
-2.0521090030670166,2.7912940979003906,faction3
-1.1060543060302734,-2.7397308349609375,faction1
-3.089766502380371,-2.9661035537719727,faction1
0.12824022769927979,-1.659372329711914,faction2
-0.5468191504478455,2.3200554847717285,faction3
-3.531858444213867,-2.739257574081421,faction1
1.4191257953643799,-1.2684026956558228,faction2
-1.0268681049346924,-3.926629066467285,faction1
0.46405163407325745,-0.5253363847732544,faction2
-3.3318920135498047,2.0553340911865234,faction3
-0.3330024778842926,-4.245210647583008,faction1
-1.7717150449752808,2.015010356903076,faction3
0.7659639716148376,-1.390405297279358,faction2
0.6611563563346863,-0.3978807032108307,faction2
0.6753636598587036,-1.8506602048873901,faction1
-1.0755066871643066,-0.31493234634399414,faction3
2.9688336849212646,0.09251749515533447,faction2
-0.8464332818984985,-2.8605122566223145,faction1
-1.3201079368591309,1.3633776903152466,faction3
-0.21849264204502106,-3.1728410720825195,faction1
0.29682496190071106,-3.283658027648926,faction1
-2.32877254486084,2.4953854084014893,faction3
2.198164939880371,-2.421145439147949,faction2
0.8626177906990051,0.41811442375183105,faction2
-2.2084059715270996,-3.5676674842834473,faction1
-1.9824011325836182,0.5390262603759766,faction3
3.4912188053131104,-0.15130609273910522,faction2
1.9801061153411865,-2.3196702003479004,faction1
-1.6781775951385498,0.48156246542930603,faction3
-1.792359471321106,-3.245905876159668,faction1
-3.1646780967712402,-1.6623282432556152,faction1
-2.3499765396118164,1.8862504959106445,faction3
0.47142598032951355,-2.341987133026123,faction2
-0.7463139295578003,-3.8097684383392334,faction1
0.13708238303661346,-0.7447310090065002,faction2
1.019881010055542,-1.4205318689346313,faction2
-2.046919107437134,0.055541232228279114,faction3
0.17781946063041687,-3.2432608604431152,faction1
-0.08119212836027145,-1.0139098167419434,faction2
-1.420454502105713,0.06635954976081848,faction3
1.663159728050232,-2.098623514175415,faction1
-2.5209298133850098,-2.723381996154785,faction1
-1.1489250659942627,-2.378819465637207,faction1
0.9665889739990234,-1.9468514919281006,faction1
2.211369514465332,0.4915977716445923,faction2
-2.264510154724121,2.2124075889587402,faction3
1.747187614440918,-0.9754624366760254,faction2
3.176135778427124,-2.692931890487671,faction2
2.188032627105713,1.8857011795043945,faction2
2.939089298248291,-3.0616116523742676,faction2
1.168438196182251,-3.5228726863861084,faction1
0.388645738363266,1.2694437503814697,faction3
0.5476957559585571,-2.232004165649414,faction1
0.5253868699073792,-3.579737663269043,faction1
-2.261406183242798,0.7584248185157776,faction3
1.834564447402954,-2.537811517715454,faction2
2.087282657623291,-2.1244425773620605,faction2
-0.5343179702758789,-3.8627758026123047,faction1
-2.3425867557525635,1.0323857069015503,faction3
-0.6194272041320801,-3.882563352584839,faction1
2.8268887996673584,-1.1648132801055908,faction2
-2.068566083908081,-2.7866570949554443,faction1
0.866294264793396,-2.111684560775757,faction1
2.4883131980895996,-2.477539300918579,faction2
-1.797139286994934,-4.234257221221924,faction1
0.8818222284317017,1.286240577697754,faction2
1.045581340789795,1.0223997831344604,faction2
0.7386264801025391,0.20081709325313568,faction2
2.6930747032165527,-0.05996184051036835,faction2
-0.6951804161071777,-4.954314708709717,faction1
-0.8881103992462158,-3.7654495239257812,faction1
2.109069585800171,0.16639435291290283,faction2
-0.13619419932365417,-3.4950265884399414,faction1
3.3663113117218018,-3.1979103088378906,faction2
2.1916251182556152,-1.342772364616394,faction2
-0.5230737924575806,-3.5481276512145996,faction1
1.6409410238265991,-1.8221793174743652,faction2
-2.1852548122406006,0.6406801342964172,faction3
1.9405362606048584,-1.966568946838379,faction2
-1.224349021911621,-3.751893997192383,faction1
-0.6066780686378479,-3.0758132934570312,faction1
-3.8108298778533936,2.830082893371582,faction3
-0.5924400687217712,-4.101548671722412,faction1
0.29348617792129517,-1.3336602449417114,faction2
-2.1633195877075195,3.3770036697387695,faction3
-1.3611698150634766,-0.19231699407100677,faction3
3.872072696685791,-1.7437424659729004,faction2
-1.1472864151000977,-4.772820949554443,faction1
-1.7240310907363892,-3.599116325378418,faction1
-2.140162706375122,2.767733573913574,faction3
3.2472896575927734,-0.30603742599487305,faction2
2.2182817459106445,-1.9701192378997803,faction1
-3.185375690460205,2.6681206226348877,faction3
-1.8324999809265137,0.49213486909866333,faction3
-3.2124905586242676,-2.969101905822754,faction1
-0.12495796382427216,-1.1329692602157593,faction2
1.2641481161117554,-1.8318564891815186,faction1
0.603907585144043,0.26196861267089844,faction2
1.6694962978363037,1.4951380491256714,faction2
1.5001678466796875,-2.031015157699585,faction1
0.6998707056045532,-2.073701858520508,faction1
3.238524913787842,-3.0497751235961914,faction2
-2.7735276222229004,-3.810239315032959,faction1
3.499084234237671,-2.769390821456909,faction2
0.27643829584121704,-1.7507517337799072,faction1
1.9737967252731323,-3.066976547241211,faction1
-3.987520694732666,1.7316055297851562,faction3
1.9937844276428223,1.610762596130371,faction2
-2.24399995803833,-3.442044973373413,faction1
-1.9135171175003052,-2.7654149532318115,faction1
2.7375564575195312,0.3622680604457855,faction2
-1.2843724489212036,1.59515380859375,faction3
2.5432612895965576,-0.18354150652885437,faction2
-0.7981514930725098,-2.323672294616699,faction1
-3.9386508464813232,1.9619351625442505,faction3
-2.5675952434539795,1.509333610534668,faction3
0.6419112682342529,-0.27817386388778687,faction2
-2.1902685165405273,-3.7694244384765625,faction1
2.1220107078552246,0.5517699718475342,faction2
-2.1204347610473633,0.8240727186203003,faction3
0.529299795627594,0.82508784532547,faction3
-0.845790445804596,1.988848328590393,faction3
-0.5254656672477722,-3.0907764434814453,faction1
-2.028632164001465,1.4093332290649414,faction3
-1.1665523052215576,1.8055778741836548,faction3
0.37753772735595703,0.057858485728502274,faction2
-1.0677123069763184,1.431473731994629,faction3
2.0344622135162354,-1.944464087486267,faction2
-2.115222215652466,1.8387047052383423,faction3
1.4587010145187378,-2.080939769744873,faction2
0.11074399948120117,-1.7809441089630127,faction2
-1.1237821578979492,-1.8933086395263672,faction1
-3.2092857360839844,3.015840530395508,faction3
1.3526675701141357,-2.729720115661621,faction2
-3.4583401679992676,1.729351282119751,faction3
0.0755169689655304,-4.075244903564453,faction1
1.9689679145812988,1.7364501953125,faction2
3.0707154273986816,0.6629871129989624,faction2
0.7874259948730469,-1.9792194366455078,faction2
-1.994438886642456,-3.2783517837524414,faction1
0.03553704917430878,-3.0462217330932617,faction1
-1.2958340644836426,-3.3236184120178223,faction1
3.578538417816162,0.6709680557250977,faction2
0.9315745830535889,1.4271177053451538,faction2
-1.59444260597229,0.9816348552703857,faction3
2.0567331314086914,-2.8347530364990234,faction2
-0.35529622435569763,-3.2076025009155273,faction1
-3.4533960819244385,-2.281330108642578,faction1
2.83597469329834,-2.5846145153045654,faction2
-1.5560603141784668,-3.3075664043426514,faction1
-0.40285900235176086,-4.156729221343994,faction1
1.2034623622894287,-0.6218400001525879,faction2
0.3847332000732422,-0.5332025289535522,faction2
2.13856840133667,1.2093747854232788,faction2
0.5694772601127625,-1.2463784217834473,faction1
-1.8676064014434814,1.8067294359207153,faction3
-1.0712631940841675,-2.278589963912964,faction1
1.0174627304077148,-1.6295814514160156,faction2
0.23192253708839417,-1.8552279472351074,faction1
2.18705415725708,-2.1467652320861816,faction1
1.0823934078216553,-2.0145328044891357,faction1
0.6194024682044983,-2.1394665241241455,faction1
2.992690324783325,-2.984973669052124,faction2
-3.149365186691284,3.2709476947784424,faction3
-2.6464943885803223,0.3683447539806366,faction3
-1.9653700590133667,-3.7065236568450928,faction1
2.7101731300354004,-2.46286940574646,faction2
-2.7433853149414062,1.7001838684082031,faction3
-3.141274929046631,-3.3075389862060547,faction1
1.2480106353759766,-2.8298110961914062,faction2
-3.196269989013672,2.192200183868408,faction3
-1.4078505039215088,2.2710506916046143,faction3
-1.3963658809661865,-1.9093976020812988,faction1
-0.09389016777276993,-0.12403297424316406,faction2
1.6449536085128784,-3.0520761013031006,faction1
-2.8935678005218506,2.0566153526306152,faction3
-1.7072628736495972,1.1853361129760742,faction3
-0.039019882678985596,-3.157703399658203,faction1
-3.8658945560455322,1.4002677202224731,faction3
0.703048586845398,-3.2650742530822754,faction1
-0.5241844654083252,-1.4944583177566528,faction1
-2.941528558731079,0.774465799331665,faction3
3.300157070159912,-2.0064897537231445,faction2
-2.527799129486084,-2.1723670959472656,faction1
-0.600916862487793,-2.857055187225342,faction1
-2.34248423576355,0.15835191309452057,faction3
2.575131893157959,-1.1652002334594727,faction2
0.3168659508228302,0.46058085560798645,faction2
3.2687690258026123,-0.10179099440574646,faction2
3.745647668838501,-2.193321704864502,faction2
0.6799628734588623,0.644025444984436,faction2
3.0687732696533203,-2.787234306335449,faction2
0.955653190612793,0.9805831909179688,faction2
0.32424196600914,1.592814564704895,faction3
2.984926462173462,2.019953489303589,faction2
-2.673476219177246,2.41641902923584,faction3
0.9042379856109619,-1.7133045196533203,faction2
2.8163790702819824,-3.251255512237549,faction2
0.2538844347000122,-3.4635539054870605,faction1
1.829949975013733,-1.2893508672714233,faction2
-0.34570786356925964,-1.481726050376892,faction1
2.223403215408325,-2.135096788406372,faction2
3.1211295127868652,1.88551926612854,faction2
-2.2966630458831787,-1.8449227809906006,faction1
0.1322084665298462,-2.459019184112549,faction1
-0.6935061812400818,0.9371018409729004,faction3
-3.925591468811035,-3.2068212032318115,faction1
-3.920365571975708,1.8287663459777832,faction3
-0.6793075203895569,-4.063769817352295,faction1
3.6398541927337646,-0.12716960906982422,faction2
-0.2741875648498535,-3.883774518966675,faction1
1.8945475816726685,-0.47280025482177734,faction2
0.581423282623291,-3.329547882080078,faction1
2.7418150901794434,1.1358909606933594,faction2
-2.4057116508483887,-2.948549747467041,faction1
3.454824447631836,-0.25949668884277344,faction2
-1.85679292678833,2.5979135036468506,faction3
-0.6737194061279297,-2.5211806297302246,faction1
-2.813472032546997,0.7822814583778381,faction3
-2.625926971435547,0.8724255561828613,faction3
-0.7857418060302734,-1.8640623092651367,faction1
2.0547237396240234,-0.8449010848999023,faction2
-2.5648398399353027,1.260906457901001,faction3
3.5071048736572266,-2.9949305057525635,faction2
-0.9797677993774414,1.4185152053833008,faction3
-0.9654440879821777,-0.35143300890922546,faction3
3.350545644760132,-0.19962066411972046,faction2
3.0558648109436035,-3.195497989654541,faction2
2.7197773456573486,-2.982177734375,faction2
1.345442295074463,-1.8514434099197388,faction1
2.163644790649414,0.7806081771850586,faction2
2.484732151031494,-2.9439077377319336,faction2
1.7239527702331543,-2.3660244941711426,faction2
-2.97271990776062,2.9886410236358643,faction3
1.9984132051467896,0.7038919925689697,faction2
3.9536399841308594,-0.14060306549072266,faction2
2.7950782775878906,-2.7767322063446045,faction2
-3.6223037242889404,2.028674602508545,faction3
1.0624256134033203,-3.518751382827759,faction1
-4.23581600189209,-2.395101547241211,faction1
-1.0257768630981445,-2.7939038276672363,faction1
-3.3227641582489014,1.9301921129226685,faction3
-2.483524799346924,0.7717339992523193,faction3
1.806323528289795,-2.3558237552642822,faction1
-3.7685952186584473,2.4704742431640625,faction3
2.253404140472412,-2.3757944107055664,faction2
4.029961109161377,-0.9906346797943115,faction2
0.3699381351470947,-3.511490821838379,faction1
1.741735577583313,-2.5369582176208496,faction1
0.7261399030685425,-3.5959246158599854,faction1
1.8786863088607788,-2.3677589893341064,faction2
-2.413982391357422,0.799418032169342,faction3
2.2231435775756836,1.0413477420806885,faction2
3.1109304428100586,2.4939846992492676,faction2
-1.1412615776062012,-3.329256057739258,faction1
-2.6284725666046143,1.4140814542770386,faction3
-1.3052064180374146,0.7813084125518799,faction3
0.8840304613113403,-2.832334518432617,faction1
-0.25300443172454834,1.8438982963562012,faction3
0.8805328011512756,-3.0905070304870605,faction1
1.4221166372299194,1.603867530822754,faction2
0.17149615287780762,-2.093700408935547,faction1
-3.114595890045166,-3.1461708545684814,faction1
0.7899436950683594,-2.958911895751953,faction1
-2.2597405910491943,0.53892582654953,faction3
-2.080328941345215,2.9439926147460938,faction3
2.6186695098876953,-0.2346058189868927,faction2
-1.957629919052124,-0.04763984680175781,faction3
2.7208213806152344,-2.5731329917907715,faction2
-0.057782918214797974,-3.5491867065429688,faction1
1.8060331344604492,1.1835765838623047,faction2
1.1528857946395874,-2.1059632301330566,faction2
-2.5637216567993164,0.7643331289291382,faction3
0.6917040944099426,-2.7536044120788574,faction1
0.43705010414123535,-2.661499500274658,faction1
1.574153184890747,-1.7471765279769897,faction1
2.77270770072937,0.9091479182243347,faction2
0.5722870826721191,-2.055158853530884,faction1
-0.507286548614502,-2.4878416061401367,faction1
1.8280668258666992,-2.2119922637939453,faction2
-3.3446645736694336,-3.306790828704834,faction1
-2.100318431854248,2.5119194984436035,faction3
3.13055682182312,-2.536755084991455,faction2
-0.47898390889167786,-3.8331894874572754,faction1
0.8380648493766785,-3.565946578979492,faction1
-2.714198589324951,3.153881549835205,faction3
-0.30951642990112305,2.2038497924804688,faction3
2.045207977294922,-1.3386452198028564,faction2
-2.700232982635498,3.3888888359069824,faction3
2.097658157348633,-1.591477394104004,faction2
2.5176305770874023,-2.620225667953491,faction2
-0.9228579998016357,-3.886786937713623,faction1
1.3604804277420044,-1.0191961526870728,faction2
-1.163701057434082,-3.175647497177124,faction1
-3.9087812900543213,1.5413380861282349,faction3
-0.083680659532547,-3.30001163482666,faction1
-0.2446734607219696,-4.426324844360352,faction1
-2.3272716999053955,-1.7425912618637085,faction1
0.25873884558677673,-2.1208529472351074,faction1
-3.627180576324463,3.064311981201172,faction3
-2.8283002376556396,2.729027032852173,faction3
0.25551894307136536,-0.08446882665157318,faction2
1.9034651517868042,-3.204026222229004,faction1
-2.032614231109619,0.677909791469574,faction3
3.1648387908935547,0.8830528259277344,faction2
0.9268150925636292,0.8914557695388794,faction2
-2.7450737953186035,0.8937463760375977,faction3
-1.6061395406723022,-3.55350923538208,faction1
-2.8357598781585693,2.6018598079681396,faction3
2.918610095977783,-2.902822732925415,faction2
-3.1218061447143555,-2.3104536533355713,faction1
2.6163339614868164,1.0987130403518677,faction2
3.953383684158325,-0.4853612780570984,faction2
0.9963313937187195,-2.7452337741851807,faction1
-1.503218412399292,-3.2531278133392334,faction1
-3.0417582988739014,2.2208404541015625,faction3
0.9045984745025635,-3.365668535232544,faction1
0.5800057649612427,-1.4393218755722046,faction1
-0.9750104546546936,-1.3072724342346191,faction1
2.0915400981903076,1.391063928604126,faction2
0.2268715351819992,-3.617095470428467,faction1
0.6034082174301147,1.6739134788513184,faction3
-0.9399780035018921,-3.0886240005493164,faction1
1.9493802785873413,-2.0953760147094727,faction1
-1.2776284217834473,-1.8959078788757324,faction1
-3.607283353805542,-1.8041718006134033,faction1
-0.8020159602165222,-3.3883609771728516,faction1
-1.505473017692566,-2.7927584648132324,faction1
-2.017371654510498,3.238133430480957,faction3
-2.1869919300079346,1.2842082977294922,faction3
3.7651753425598145,-0.5956614017486572,faction2
4.005429267883301,-0.7455074787139893,faction2
0.18179818987846375,-1.3508903980255127,faction2
0.055650193244218826,-2.574320077896118,faction1
-0.9413201808929443,-4.083084583282471,faction1
-0.8272778987884521,-4.298874855041504,faction1
-1.4031920433044434,-4.180749893188477,faction1
3.0131475925445557,-0.8238145709037781,faction2
-0.4961773753166199,-3.708796501159668,faction1
0.18066418170928955,-3.501183032989502,faction1
2.41288423538208,-2.5039548873901367,faction2
3.3363637924194336,-0.5076112747192383,faction2
-1.6433348655700684,2.20745587348938,faction3
-1.8901009559631348,1.0557860136032104,faction3
-1.7495619058609009,-3.3750319480895996,faction1
2.3387868404388428,-1.5454838275909424,faction2
-0.5995721817016602,-3.9437451362609863,faction1
-1.881670355796814,-4.165243625640869,faction1
1.979323387145996,-2.4706625938415527,faction1
-2.325462579727173,-2.4237358570098877,faction1
0.9258770942687988,0.7704453468322754,faction2
2.6068596839904785,-2.943923234939575,faction2
-0.18932533264160156,-4.0303449630737305,faction1
0.15872476994991302,-1.5342817306518555,faction2
3.9392969608306885,-0.3251554071903229,faction2
-3.2132225036621094,3.801872730255127,faction3
0.7970321774482727,0.6242133378982544,faction2
-2.4248290061950684,-2.701599597930908,faction1
2.2026870250701904,-2.6131536960601807,faction2
-0.38955309987068176,-3.7573459148406982,faction1
-2.9313933849334717,0.6527029871940613,faction3
2.4021613597869873,0.7027463912963867,faction2
-3.223501682281494,-1.852919101715088,faction1
-0.3491174578666687,-3.5522966384887695,faction1
-3.189192056655884,-2.3977091312408447,faction1
-2.048673391342163,1.2813445329666138,faction3
-0.5994085669517517,-3.674830913543701,faction1
2.115778684616089,-2.6898536682128906,faction2
-3.060547351837158,2.6390554904937744,faction3
-1.45659339427948,-2.9927515983581543,faction1
1.1810903549194336,-2.835984706878662,faction1
1.0077670812606812,-1.509232997894287,faction2
-0.32191163301467896,-1.3636739253997803,faction2
0.05686987563967705,-4.846423149108887,faction1
-1.1065129041671753,-4.24683141708374,faction1
2.5710718631744385,-1.8234437704086304,faction2
-1.0934193134307861,0.07414153218269348,faction3
-1.346338152885437,-3.9724268913269043,faction1
-0.032120898365974426,-3.0895237922668457,faction1
1.4528175592422485,-2.166524648666382,faction1
-4.040206432342529,-2.6124086380004883,faction1
-3.0355231761932373,0.866782546043396,faction3
-3.1587233543395996,1.9621423482894897,faction3
-0.19855022430419922,-0.9350919723510742,faction2
-1.3232930898666382,-2.2117185592651367,faction1
-2.911073684692383,2.6783227920532227,faction3
-2.942868947982788,3.0923879146575928,faction3
-2.305048704147339,0.9275445938110352,faction3
-1.126150131225586,0.167338564991951,faction3
2.8183181285858154,-1.3426294326782227,faction2
-2.70963191986084,2.1516456604003906,faction3
-2.335049629211426,-2.6998376846313477,faction1
-0.122772216796875,-1.3578897714614868,faction2
-2.2211527824401855,0.46289610862731934,faction3
1.8047971725463867,-0.3232268989086151,faction2
2.7130610942840576,-1.5616471767425537,faction2
0.430448442697525,-3.351487874984741,faction1
-3.705186367034912,1.8018486499786377,faction3
-2.4106693267822266,-1.7031750679016113,faction1
0.6038850545883179,-2.273895263671875,faction1
1.3767153024673462,-2.7897379398345947,faction1
-0.9251502752304077,-1.8739368915557861,faction1
1.0768547058105469,-3.880387544631958,faction1
2.4226162433624268,-2.8140134811401367,faction1
-0.2542878985404968,-1.465608835220337,faction2
-1.48458993434906,-4.2179179191589355,faction1
1.949845790863037,-2.775993824005127,faction1
3.041672706604004,-2.0452616214752197,faction2
-0.7994322776794434,1.69718599319458,faction3
1.8357943296432495,-2.8128280639648438,faction1
1.4226183891296387,1.2957878112792969,faction2
1.4362523555755615,-1.970582365989685,faction2
-3.225050926208496,1.837597370147705,faction3
-2.202915668487549,0.5670549869537354,faction3
1.020621418952942,-3.399312734603882,faction1
1.7862411737442017,1.5355305671691895,faction2
1.5457584857940674,1.0131977796554565,faction2
3.20261287689209,1.235888957977295,faction2
-3.187145709991455,1.2975921630859375,faction3
0.24657592177391052,-2.1390628814697266,faction2
-3.226471185684204,-2.5885977745056152,faction1
-1.4539604187011719,1.8362715244293213,faction3
3.1877241134643555,1.6565934419631958,faction2
-3.22994065284729,2.839460611343384,faction3
-0.6953847408294678,-4.693346977233887,faction1
-3.2229251861572266,1.429082989692688,faction3
2.94797945022583,-1.930373191833496,faction2
-4.23783540725708,2.4067840576171875,faction3
1.846022129058838,-2.10383939743042,faction2
2.670685052871704,-0.3376257121562958,faction2
0.2559725344181061,-3.1274399757385254,faction1
-1.7200640439987183,-0.15183405578136444,faction3
0.9920598864555359,0.36170804500579834,faction2
-0.13878485560417175,-3.5930938720703125,faction1
1.3065718412399292,-2.8021860122680664,faction1
-0.34434086084365845,-2.8773744106292725,faction1
1.5949342250823975,-1.8984626531600952,faction2
-2.3245339393615723,-2.827397584915161,faction1
0.7451777458190918,-3.918426513671875,faction1
0.8377879858016968,-3.238656997680664,faction1
-0.560863196849823,-4.004915714263916,faction1
1.9690322875976562,1.2441786527633667,faction2
1.6005163192749023,-3.1118392944335938,faction1
2.1060233116149902,-0.2820829153060913,faction2
-1.7774192094802856,2.190922498703003,faction3
-3.3856148719787598,1.581376552581787,faction3
2.332455635070801,1.609452247619629,faction2
-1.3962633609771729,-3.077077865600586,faction1
1.0851236581802368,-0.6019318103790283,faction2
2.978195905685425,-2.5933313369750977,faction2
0.4918158948421478,-3.189307928085327,faction1
2.042724132537842,1.3638644218444824,faction2
-1.391241431236267,-2.602297782897949,faction1
-2.3441267013549805,0.8279907703399658,faction3
-2.787397861480713,3.1904048919677734,faction3
-3.086965322494507,2.7929329872131348,faction3
-0.31344830989837646,-1.13246750831604,faction2
-2.927823066711426,2.795654058456421,faction3
-1.8922615051269531,-4.332658767700195,faction1
2.854067802429199,-2.2929158210754395,faction2
-1.732703685760498,-2.434115409851074,faction1
1.9065604209899902,-2.5654194355010986,faction1
2.9005231857299805,2.3207406997680664,faction2
-1.042111873626709,-3.066098928451538,faction1
-2.7712388038635254,-2.767238140106201,faction1
-0.42188572883605957,1.6908074617385864,faction3
1.7108008861541748,-2.5595202445983887,faction2
-1.6813524961471558,0.38864147663116455,faction3
-2.408477783203125,-2.5338082313537598,faction1
-1.037462592124939,1.0918258428573608,faction3
0.6393202543258667,1.3965246677398682,faction3
1.80714750289917,-1.9782702922821045,faction2
-3.6863090991973877,1.234220266342163,faction3
3.1756410598754883,0.6331549286842346,faction2
2.2971930503845215,-1.7405319213867188,faction2
-4.56696891784668,-2.0594863891601562,faction1
-3.5098891258239746,-2.5492427349090576,faction1
-3.1723623275756836,2.7882447242736816,faction3
-0.7155426740646362,2.341963768005371,faction3
0.9358768463134766,-0.6009999513626099,faction2
3.021603584289551,2.5311200618743896,faction2
-0.08705784380435944,-4.846158027648926,faction1
-0.14990422129631042,-3.26942777633667,faction1
-1.4275935888290405,0.2790633738040924,faction3
1.3007575273513794,-2.2486276626586914,faction2
1.0595088005065918,-1.4267266988754272,faction1
-0.1440557837486267,-1.5803415775299072,faction2
1.4897332191467285,-3.030954122543335,faction1
1.848908543586731,-2.6596033573150635,faction2
1.1606616973876953,-2.9302473068237305,faction1
0.16019608080387115,-3.0371527671813965,faction1
-0.4109025299549103,-1.548376441001892,faction1
2.3265137672424316,-2.962383270263672,faction2
-0.09466834366321564,-2.47389554977417,faction1
2.192105531692505,-2.3546667098999023,faction2
-1.102592945098877,-4.398877143859863,faction1
0.3932317793369293,-3.2635600566864014,faction1
1.479921579360962,-1.588205337524414,faction2
3.031430959701538,-2.6826376914978027,faction2
-2.1381030082702637,-2.337660074234009,faction1
-3.3690085411071777,-1.5598258972167969,faction1
2.317652940750122,-1.6535224914550781,faction2
-1.947240948677063,1.966572642326355,faction3
-1.642993450164795,-3.3238577842712402,faction1
-1.6756751537322998,-2.297693967819214,faction1
1.773193120956421,-3.098525047302246,faction1
-1.7792627811431885,-2.2067816257476807,faction1
1.3745826482772827,-0.2494667023420334,faction2
2.20658278465271,0.6690780520439148,faction2
-3.8035483360290527,1.8436954021453857,faction3
2.06522798538208,-2.2685911655426025,faction1
-3.3577542304992676,1.2685383558273315,faction3
2.411952018737793,-1.6322273015975952,faction2
-0.13497187197208405,-1.4685295820236206,faction2
-0.3799275755882263,-3.4232444763183594,faction1
-0.21290922164916992,-4.756746292114258,faction1
-4.311230182647705,-3.0500850677490234,faction1
-0.5753883123397827,-2.2058069705963135,faction1
-3.464055061340332,-2.3998541831970215,faction1
-2.7851603031158447,-2.0595672130584717,faction1
2.587305784225464,-2.318883180618286,faction2
-0.14347690343856812,-3.7038846015930176,faction1
1.4609873294830322,-1.180239200592041,faction2
0.5565205812454224,-1.347814679145813,faction1
-2.8548429012298584,0.7156585454940796,faction3
2.4044718742370605,-0.10254596918821335,faction2
1.8850345611572266,-0.2429790496826172,faction2
-2.716552734375,-2.6846799850463867,faction1
-1.6602139472961426,-2.507002592086792,faction1
0.8577715158462524,-2.5902469158172607,faction2
0.7544741630554199,-3.3573873043060303,faction1
-1.60519278049469,-0.24342785775661469,faction3
1.0350383520126343,-1.3054012060165405,faction2
-2.178600549697876,-2.9294514656066895,faction1
-3.6422204971313477,1.5116233825683594,faction3
0.5672992467880249,0.938178539276123,faction3
1.4165117740631104,-2.8674588203430176,faction1
-3.2196309566497803,1.6245179176330566,faction3
-0.2842836081981659,-2.966575860977173,faction1
0.8510852456092834,-3.822810173034668,faction1
-0.7883776426315308,-2.827206611633301,faction1
0.46516063809394836,-1.4770028591156006,faction1
1.993450403213501,-2.049307346343994,faction2
1.8328380584716797,0.2679424285888672,faction2
1.127573013305664,-2.915745496749878,faction2
-0.9587598443031311,2.059580087661743,faction3
2.5620546340942383,-2.7954092025756836,faction2
-1.4038701057434082,-2.9031622409820557,faction1
0.3851013779640198,-4.15202522277832,faction1
-2.5106053352355957,-2.596580982208252,faction1
1.0464036464691162,-1.2002959251403809,faction2
1.808884620666504,-2.502168655395508,faction1
-2.288579225540161,-2.1730453968048096,faction1
2.773972511291504,-2.8745851516723633,faction2
-2.138784408569336,-3.3814477920532227,faction1
2.379700183868408,-2.536167860031128,faction1
-1.306457281112671,-3.004230260848999,faction1
1.2420203685760498,-2.6658971309661865,faction2
0.12666979432106018,-0.9758675694465637,faction1
2.7180335521698,0.10754874348640442,faction2
1.7096543312072754,1.4022530317306519,faction2
2.9073381423950195,-2.9713551998138428,faction2
0.21511176228523254,-1.913003921508789,faction2
-2.760629653930664,-3.7043442726135254,faction1
2.898646354675293,-2.6086409091949463,faction2
3.398128032684326,-0.08355513960123062,faction2
2.041440486907959,0.47991442680358887,faction2
0.6526700258255005,-2.6024184226989746,faction2
-2.8914542198181152,1.7322604656219482,faction3
3.375237226486206,-1.9967041015625,faction2
-2.87507963180542,3.2876853942871094,faction3
-2.7500109672546387,-2.126157760620117,faction1
3.398236036300659,1.6369783878326416,faction2
3.8811235427856445,-0.8556012511253357,faction2
1.5077134370803833,0.13561882078647614,faction2
-2.1525607109069824,-2.2460782527923584,faction1
-1.7414867877960205,0.5041730403900146,faction3
3.200483560562134,-2.568084955215454,faction2
-0.32387542724609375,-2.2386345863342285,faction1
0.8301833868026733,-0.0893561840057373,faction2
0.5216845273971558,-3.903501510620117,faction1
-0.7135250568389893,-3.7218050956726074,faction1
-1.9609720706939697,1.5378073453903198,faction3
-1.8209915161132812,-1.5900077819824219,faction1
3.1196951866149902,-2.4007883071899414,faction2
2.5716288089752197,0.3485757112503052,faction2
-4.033041000366211,1.902646541595459,faction3
0.8809162974357605,-2.662457227706909,faction1
1.3237049579620361,-0.5276275873184204,faction2
0.43664273619651794,-1.3464643955230713,faction1
-3.036397933959961,3.426237106323242,faction3
-2.5162787437438965,2.5612637996673584,faction3
-0.25947093963623047,-4.609631538391113,faction1
0.5160425901412964,-3.0059778690338135,faction1
2.372255325317383,-2.265629768371582,faction2
-1.161466360092163,-4.056159019470215,faction1
0.4046400487422943,-1.5673731565475464,faction1
3.0991735458374023,-0.12248736619949341,faction2
-1.8283812999725342,-3.5318779945373535,faction1
1.125095248222351,0.9245483875274658,faction2
-2.9524378776550293,-2.572310209274292,faction1
2.7010433673858643,-2.0034947395324707,faction2
-1.3274197578430176,0.05541574954986572,faction3
-0.013689234852790833,-1.4429126977920532,faction1
2.283237934112549,-2.5040535926818848,faction2
-2.4730091094970703,1.1092489957809448,faction3
1.5204858779907227,-1.7488089799880981,faction2
0.21092811226844788,-0.9791209697723389,faction1
-0.9305776953697205,0.1430811882019043,faction3
-2.284533977508545,2.6389403343200684,faction3
-2.233276128768921,1.0418648719787598,faction3
1.9902081489562988,-0.3104999363422394,faction2
-1.7171567678451538,-4.166874885559082,faction1
3.1322975158691406,0.2724103629589081,faction2
0.608146607875824,-3.220633029937744,faction1
-2.0069313049316406,-2.8316237926483154,faction1
1.0139561891555786,-2.2967214584350586,faction2
0.006700977683067322,-1.0308068990707397,faction1
-2.2560603618621826,-3.2953789234161377,faction1
-0.5012309551239014,-4.140635013580322,faction1
-4.032524108886719,-2.7297861576080322,faction1
-2.6295135021209717,-2.7279789447784424,faction1
0.8229637145996094,-3.131944179534912,faction1
-3.1301159858703613,-2.0284008979797363,faction1
3.2957165241241455,1.8206605911254883,faction2
-1.8145036697387695,-3.0918548107147217,faction1
0.4414532780647278,-1.332525372505188,faction2
0.9510705471038818,-3.2785544395446777,faction1
3.634570598602295,-2.5578479766845703,faction2
1.1031569242477417,-2.749471664428711,faction2
1.08576500415802,0.3940582275390625,faction2
2.6057534217834473,-0.4544421434402466,faction2
-2.7733988761901855,0.6814101934432983,faction3
-1.3995065689086914,-1.7621054649353027,faction1
3.2550268173217773,0.3092212677001953,faction2
-2.1351311206817627,0.10027822852134705,faction3
-1.1734898090362549,-2.314753770828247,faction1
-3.667691707611084,1.3497816324234009,faction3
2.165459632873535,1.4187654256820679,faction2
2.8967385292053223,-2.1370351314544678,faction2
2.3109219074249268,1.2408699989318848,faction2
1.13631272315979,-3.151487350463867,faction2
0.9221990704536438,-1.473533272743225,faction1
3.569680690765381,-0.8459253311157227,faction2
-1.5517840385437012,-2.1461448669433594,faction1
-1.9047832489013672,0.053488701581954956,faction3
0.35213354229927063,-3.694200038909912,faction1
-0.04102140665054321,-2.0260396003723145,faction1
0.6762332916259766,-2.583805561065674,faction1
-3.061694622039795,-1.9423842430114746,faction1
-0.9131514430046082,-3.3997802734375,faction1
-2.936915397644043,3.204293727874756,faction3
0.43821966648101807,-4.0838236808776855,faction1
-0.8883357644081116,-3.4998245239257812,faction1
-0.7532351016998291,-3.5932540893554688,faction1
2.2554993629455566,1.8106250762939453,faction2
1.4083142280578613,0.1381259262561798,faction2
3.6903605461120605,-0.6635491251945496,faction2
0.657488226890564,0.9787648320198059,faction2
1.6213274002075195,-2.8354148864746094,faction1
0.12333820760250092,-3.1096367835998535,faction1
-1.9313104152679443,2.570298194885254,faction3
2.316409111022949,1.1327309608459473,faction2
-2.5024962425231934,-3.1882190704345703,faction1
1.1026966571807861,-0.10865574330091476,faction2
2.5206143856048584,-2.2172775268554688,faction2
-0.9605802893638611,2.237337112426758,faction3
-0.7363080978393555,-3.201587200164795,faction1
3.053809642791748,-2.364487648010254,faction2
-0.34622639417648315,-1.0114250183105469,faction2
-3.023190498352051,-1.7141785621643066,faction1
2.961365222930908,-1.7698535919189453,faction2
-0.5774309635162354,-4.893482208251953,faction1
-2.585538387298584,-2.2488698959350586,faction1
-2.5504555702209473,-3.306241035461426,faction1
1.4215317964553833,0.8936147689819336,faction2
2.5986669063568115,0.19424045085906982,faction2
-0.5722930431365967,-3.7874345779418945,faction1
-2.8218748569488525,2.516624927520752,faction3
0.12775658071041107,1.6325244903564453,faction3
-2.5444445610046387,2.69264817237854,faction3
-3.412942409515381,-2.5073294639587402,faction1
-2.720695972442627,2.57576060295105,faction3
0.5375370383262634,-1.6375887393951416,faction1
2.0516481399536133,-0.4517008364200592,faction2
0.8306199312210083,-3.0533814430236816,faction1
1.281775951385498,-1.068081259727478,faction2
-2.774688243865967,-2.5325753688812256,faction1
0.9079152345657349,-3.4447433948516846,faction1
-1.6531720161437988,0.05731035768985748,faction3
2.885005235671997,-2.399733781814575,faction2
0.5295509696006775,-4.073425769805908,faction1
-1.1391878128051758,-3.6802053451538086,faction1
-2.9134016036987305,3.6377034187316895,faction3
-2.583747148513794,2.779982805252075,faction3
-1.6116595268249512,-1.79202139377594,faction1
-0.8868640661239624,2.2131075859069824,faction3
-0.09663103520870209,1.734032154083252,faction3
-0.7054370045661926,-2.996755599975586,faction1
-3.8476264476776123,2.5711123943328857,faction3
2.4535632133483887,-3.1075196266174316,faction2
1.300660252571106,-2.3762426376342773,faction1
1.9246137142181396,0.8977950811386108,faction2
-2.942488193511963,1.7597161531448364,faction3
3.7817249298095703,-1.128989815711975,faction2
3.030689001083374,-1.1623502969741821,faction2
-1.3032937049865723,0.260294646024704,faction3
-1.2768996953964233,-2.511408567428589,faction1
-3.322969913482666,-2.859334945678711,faction1
1.6530040502548218,-0.8647271990776062,faction2
1.7202684879302979,-0.8668811917304993,faction2
-2.1158127784729004,-2.713027238845825,faction1
0.5504179000854492,-1.433543086051941,faction2
0.9312806725502014,-1.3263317346572876,faction2
3.953197479248047,-0.9503304362297058,faction2
3.1213574409484863,2.593263626098633,faction2
-1.821824073791504,2.149923801422119,faction3
-2.2213900089263916,0.7069220542907715,faction3
-0.7104439735412598,0.7327107191085815,faction3
1.0273730754852295,-1.8427984714508057,faction2
1.7547729015350342,-0.6145350933074951,faction2
-2.409817695617676,1.6938387155532837,faction3
2.8257100582122803,-2.0451977252960205,faction2
4.074160099029541,-0.8042853474617004,faction2
0.8614310026168823,-2.7454833984375,faction1
-3.010413646697998,-2.35067081451416,faction1
1.5965909957885742,-1.5704059600830078,faction2
-1.3665127754211426,-0.028952136635780334,faction3
0.38061055541038513,-2.167867660522461,faction1
-3.1332576274871826,0.9089576005935669,faction3
1.8064942359924316,-1.5449514389038086,faction2
1.8666296005249023,-2.2620770931243896,faction1
-1.786177158355713,-2.3253707885742188,faction1
-1.6807924509048462,-2.194347858428955,faction1
1.607027530670166,-2.548659086227417,faction2
0.8827825784683228,-1.8853933811187744,faction1
-1.2035787105560303,0.3115096092224121,faction3
-2.228724956512451,1.8667763471603394,faction3
-0.08118244260549545,1.073328971862793,faction3
-0.9912686347961426,0.06455041468143463,faction3
2.4566495418548584,-2.767514228820801,faction2
0.4971623420715332,1.9176126718521118,faction3
1.1991300582885742,-2.0297060012817383,faction1
-2.266408920288086,0.8325128555297852,faction3
-3.5365710258483887,-3.086933135986328,faction1
0.4457988739013672,-1.1705796718597412,faction1
-0.0011998414993286133,0.23282916843891144,faction2
2.0685441493988037,-2.8956127166748047,faction1
-3.033689022064209,1.2599940299987793,faction3
-1.856021761894226,2.2958827018737793,faction3
4.084437370300293,-1.5300483703613281,faction2
-1.7821836471557617,-1.7804123163223267,faction1
-3.6848268508911133,2.8049449920654297,faction3
2.9147520065307617,0.5598649978637695,faction2
0.494753360748291,-2.576557159423828,faction1
1.863092064857483,1.7273836135864258,faction2
-0.2054845690727234,-3.237273693084717,faction1
-0.7795038223266602,-1.9726653099060059,faction1
-1.5255422592163086,0.6538758277893066,faction3
-1.4748179912567139,-0.3211468458175659,faction3
0.21484969556331635,-1.9545729160308838,faction1
-3.3132808208465576,-2.58021879196167,faction1
1.7942020893096924,-2.087336301803589,faction1
1.87571120262146,-2.7769782543182373,faction2
0.878971517086029,-1.367129921913147,faction1
-2.095552921295166,-3.030714511871338,faction1
-2.5240814685821533,-2.494861602783203,faction1
-0.6739863157272339,-3.8216073513031006,faction1
0.454785019159317,-3.141881227493286,faction1
3.6444284915924072,-2.278545379638672,faction2
3.753812551498413,-0.28974223136901855,faction2
-2.3275349140167236,0.45009636878967285,faction3
-2.6331629753112793,2.6382839679718018,faction3
2.7903242111206055,-0.39262649416923523,faction2
0.6457457542419434,-3.72385835647583,faction1
3.8168253898620605,-1.693168044090271,faction2
0.23310796916484833,-1.6969404220581055,faction1
1.9849666357040405,-2.2848544120788574,faction2
0.6611459255218506,-1.4784694910049438,faction2
-0.9106861352920532,-2.7843925952911377,faction1
2.6043059825897217,2.104814291000366,faction2
3.3504562377929688,-3.430534601211548,faction2
-2.792257785797119,1.4774593114852905,faction3
-0.07947000861167908,-2.7615973949432373,faction1
-0.5411845445632935,-2.3213648796081543,faction1
0.30239012837409973,-2.9809014797210693,faction1
-0.21392300724983215,-2.4337003231048584,faction1
-2.9602012634277344,1.0672917366027832,faction3
-0.6656148433685303,-1.856197476387024,faction1
0.6276990175247192,-2.231602907180786,faction2
1.9403936862945557,-2.47405743598938,faction2
0.38110578060150146,-4.4069976806640625,faction1
2.398749351501465,-2.584529399871826,faction2
-1.791771650314331,-0.021117594093084335,faction3
1.7458598613739014,-3.1865954399108887,faction1
-3.7646424770355225,3.150075912475586,faction3
0.13975955545902252,-1.7944841384887695,faction1
1.9888405799865723,-1.7432564496994019,faction2
3.6871607303619385,-1.2647331953048706,faction2
3.6071598529815674,-0.24829736351966858,faction2
0.8578320145606995,-1.3693748712539673,faction2
2.6392600536346436,-0.6923542022705078,faction2
1.5591217279434204,-2.4748647212982178,faction1
-0.5966083407402039,-3.227081775665283,faction1
1.1949458122253418,-3.794198513031006,faction1
-1.303320288658142,-3.0990471839904785,faction1
1.7536286115646362,-0.8111927509307861,faction2
-2.731290578842163,2.2961771488189697,faction3
-3.9880149364471436,-2.834291458129883,faction1
-3.3007898330688477,-1.7195353507995605,faction1
-2.5927250385284424,2.5269086360931396,faction3
0.06868806481361389,-3.6091229915618896,faction1
1.579477310180664,-2.139775037765503,faction1
-2.758948802947998,1.3880035877227783,faction3
0.19033390283584595,-1.222826361656189,faction2
2.3915419578552246,-1.796640396118164,faction2
2.7175018787384033,-1.1653393507003784,faction2
0.15777844190597534,-1.8999907970428467,faction1
-0.1255110651254654,-3.8661623001098633,faction1
-0.9979507327079773,-2.4171760082244873,faction1
0.23367765545845032,1.3112150430679321,faction3
0.39212357997894287,-1.691666603088379,faction1
0.3404368758201599,-0.31547024846076965,faction2
3.378962993621826,-3.058809518814087,faction2
-0.16474242508411407,-4.14559268951416,faction1
1.266951560974121,1.029749870300293,faction2
-2.013136863708496,2.4155468940734863,faction3
0.5366477966308594,-0.7575932145118713,faction2
-3.1304140090942383,1.1803666353225708,faction3
1.1123899221420288,-3.3975136280059814,faction1
-4.023651123046875,1.5327064990997314,faction3
-2.756847620010376,2.878262519836426,faction3
-0.26199549436569214,1.274217128753662,faction3
0.5456740260124207,-2.829336166381836,faction1
3.3375492095947266,-0.04281620681285858,faction2
-3.1847290992736816,1.7385519742965698,faction3
-2.0342025756835938,0.45512819290161133,faction3
-0.8830295205116272,-2.088219165802002,faction1
0.28252938389778137,-1.4875965118408203,faction2
0.7857973575592041,0.2874828577041626,faction2
-1.7487423419952393,0.5778911113739014,faction3
2.5333480834960938,-1.335660457611084,faction2
3.389388084411621,0.19108067452907562,faction2
0.7352262735366821,-2.2271227836608887,faction1
0.4559621810913086,-4.3065385818481445,faction1
2.97293758392334,-0.19558249413967133,faction2
0.7669400572776794,-2.4093949794769287,faction1
-0.8585893511772156,-4.410280227661133,faction1
1.6517388820648193,1.0381056070327759,faction2
0.8114089965820312,0.05293932557106018,faction2
2.023031711578369,-2.377582311630249,faction2
3.554969310760498,-2.2132296562194824,faction2
0.05026061832904816,-1.7312562465667725,faction1
1.5389540195465088,-2.000652551651001,faction2
-2.8394389152526855,-3.75761079788208,faction1
0.886208713054657,-0.30869320034980774,faction2
1.228761911392212,-2.891606092453003,faction1
-0.8569786548614502,-2.549138307571411,faction1
-2.054460048675537,2.6772196292877197,faction3
-3.249321699142456,2.0386266708374023,faction3
2.716305732727051,-0.4816841781139374,faction2
-3.5608487129211426,-3.4153594970703125,faction1
-1.6472995281219482,-2.4076590538024902,faction1
-0.3277917206287384,-1.3910561800003052,faction1
-0.3805365562438965,-3.321260452270508,faction1
-3.1241002082824707,1.5221219062805176,faction3
-2.9518070220947266,-3.1954433917999268,faction1
-1.9091328382492065,-2.474303960800171,faction1
0.4675598442554474,-0.41764163970947266,faction2
2.2812986373901367,0.28791332244873047,faction2
0.6706749200820923,-1.3647937774658203,faction2
-2.9764115810394287,1.398059606552124,faction3
3.3211874961853027,-3.357137680053711,faction2
0.745908260345459,-3.726628303527832,faction1
0.9462108016014099,-2.2846996784210205,faction2
-0.8126553893089294,-3.785890579223633,faction1
-0.9927579164505005,-4.351992607116699,faction1
-1.8135550022125244,0.8362094759941101,faction3
-1.366370677947998,2.0028915405273438,faction3
2.4235639572143555,-1.3538671731948853,faction2
2.624232292175293,0.4784102737903595,faction2
1.7142677307128906,-1.2962559461593628,faction2
3.0706846714019775,-2.4699437618255615,faction2
-0.21718311309814453,1.5928997993469238,faction3
2.6722257137298584,0.906479001045227,faction2
-1.9154585599899292,1.2180434465408325,faction3
3.422067165374756,-2.806546211242676,faction2
-0.2100103497505188,1.1723015308380127,faction3
1.6936851739883423,-1.8440272808074951,faction1
-1.8610161542892456,-1.7296786308288574,faction1
2.7489588260650635,-2.790863513946533,faction2
-0.5273089408874512,1.0567045211791992,faction3
3.4352402687072754,-2.688488245010376,faction2
-0.28758782148361206,-3.2720961570739746,faction1
1.7547080516815186,-2.7290987968444824,faction2
2.5070173740386963,1.9338113069534302,faction2
0.8534956574440002,-2.6980159282684326,faction2
-1.5809743404388428,-3.1754050254821777,faction1
-2.203709602355957,1.497441291809082,faction3
0.27733516693115234,-4.441000938415527,faction1
1.678338885307312,-2.5861990451812744,faction1
-1.7707972526550293,-2.9666314125061035,faction1
-1.8058185577392578,0.09081534296274185,faction3
-0.034583549946546555,0.6356143951416016,faction3
1.2090740203857422,-3.640296459197998,faction1
-1.668881893157959,2.080099105834961,faction3
1.7907958030700684,-0.6892235279083252,faction2
0.4977060556411743,-3.7154128551483154,faction1
2.389437675476074,1.4555851221084595,faction2
-2.0521645545959473,0.38023635745048523,faction3
1.7358100414276123,-1.0872694253921509,faction2
-3.039224147796631,3.2603237628936768,faction3
-1.909182071685791,0.939952552318573,faction3
-0.5849923491477966,-2.569945812225342,faction1
-0.13079875707626343,-4.386929512023926,faction1
-0.1902562975883484,-4.50760555267334,faction1
2.10064697265625,-2.349414348602295,faction1
2.746666669845581,-0.6233790516853333,faction2
-0.5235133171081543,-1.3367136716842651,faction1
1.2523664236068726,-1.4958935976028442,faction2
2.7868571281433105,0.05245329439640045,faction2
-1.9574919939041138,2.889413356781006,faction3
-2.9650843143463135,-2.8429911136627197,faction1
-3.6247408390045166,-1.4912492036819458,faction1
-3.428781509399414,1.5181925296783447,faction3
0.11547598242759705,-1.661738634109497,faction1
0.4559231698513031,-3.080296754837036,faction1
-0.5429489612579346,-3.2958574295043945,faction1
-1.218855857849121,-0.0845036506652832,faction3
1.8074238300323486,-2.270303249359131,faction2
-2.190277099609375,1.1817656755447388,faction3
0.12893779575824738,-3.3448638916015625,faction1
-1.587867021560669,2.340610980987549,faction3
-2.432941436767578,1.239330530166626,faction3
-0.542550802230835,-4.247941017150879,faction1
-0.5193419456481934,1.498439908027649,faction3
1.4875174760818481,-3.627300977706909,faction1
-2.155433416366577,-3.857548475265503,faction1
0.4123997688293457,1.8790924549102783,faction3
3.081907272338867,0.0245559960603714,faction2
-4.58052921295166,-2.765252113342285,faction1
-0.8499069809913635,-3.5851845741271973,faction1
-0.05757144093513489,-2.9782958030700684,faction1
-2.039527416229248,2.143423080444336,faction3
-2.8068349361419678,0.5809013843536377,faction3
-0.06500951945781708,-1.1668587923049927,faction1
1.4022949934005737,-2.376673460006714,faction1
1.120733380317688,-2.70515775680542,faction1
-0.2597036361694336,1.0649358034133911,faction3
-2.7375540733337402,1.5689061880111694,faction3
-0.2948164939880371,-2.057335376739502,faction1
3.3344569206237793,-2.827237129211426,faction2
0.5943164825439453,-1.5524818897247314,faction2
3.7442543506622314,-0.1954437792301178,faction2
-3.0257537364959717,2.836174488067627,faction3
1.6506518125534058,-0.5178158283233643,faction2
-3.172492742538452,3.0937318801879883,faction3
0.042597755789756775,1.1726731061935425,faction3
-2.3648414611816406,-3.1458795070648193,faction1
2.5669970512390137,-0.9601635336875916,faction2
0.27421441674232483,-0.4268210828304291,faction2
-2.62432861328125,1.340796709060669,faction3
-0.882707953453064,-1.9679691791534424,faction1
-0.22711893916130066,-3.5404322147369385,faction1
-1.3760944604873657,0.8256596326828003,faction3
-2.390739917755127,-2.269357204437256,faction1
-2.154877185821533,0.2673110365867615,faction3
0.11193181574344635,-0.9212771654129028,faction2
-1.9109315872192383,1.3478140830993652,faction3
1.1927132606506348,0.42853444814682007,faction2
-0.5674096345901489,-1.9605894088745117,faction1
0.9581466913223267,-3.3826041221618652,faction1
2.0009093284606934,0.23211252689361572,faction2
-2.6005654335021973,2.345071315765381,faction3
-0.47075754404067993,-3.4029183387756348,faction1
1.0579630136489868,-2.5188045501708984,faction1
1.3091614246368408,-3.2759833335876465,faction1
2.205416679382324,0.8704614043235779,faction2
-0.08342865854501724,-3.231157064437866,faction1
-1.6599575281143188,0.15945717692375183,faction3
-2.637840747833252,1.2186999320983887,faction3
2.8107643127441406,-0.04244062304496765,faction2
0.7063131332397461,-2.373288154602051,faction2
0.4766812324523926,-1.0637892484664917,faction1
1.2997781038284302,-3.1103949546813965,faction1
-1.670657992362976,-3.1087021827697754,faction1
3.253894329071045,1.527092456817627,faction2
-0.24489420652389526,-3.9909961223602295,faction1
0.03432285785675049,-2.820125102996826,faction1
1.3522188663482666,-0.4350769519805908,faction2
-2.146360158920288,1.075408935546875,faction3
2.2415733337402344,1.2334891557693481,faction2
-3.582500457763672,3.6180520057678223,faction3
-2.453545570373535,0.503690242767334,faction3
-3.903069019317627,-2.5600452423095703,faction1
-1.4998905658721924,0.9428566694259644,faction3
-0.026060905307531357,-1.5536844730377197,faction1
1.2143092155456543,-1.8916947841644287,faction2
0.10938523709774017,-2.938467264175415,faction1
-1.808149814605713,1.3987445831298828,faction3
-0.8178150653839111,-1.0957568883895874,faction1
-0.16526676714420319,-2.012765645980835,faction1
0.8421189188957214,-3.340334892272949,faction1
1.1743428707122803,-1.3094797134399414,faction2
-3.900787115097046,-2.7169463634490967,faction1
1.3487554788589478,-1.9717108011245728,faction2
1.778860330581665,-2.1279139518737793,faction2
-3.9689512252807617,3.661367416381836,faction3
-3.06658673286438,1.4186147451400757,faction3
-2.068786382675171,1.0854885578155518,faction3
0.21487294137477875,-3.3905911445617676,faction1
-1.764164686203003,-3.166469097137451,faction1
-3.2621655464172363,3.3299832344055176,faction3
-3.9713809490203857,2.513794422149658,faction3
1.5961774587631226,1.474640130996704,faction2
-2.931701421737671,0.5709620714187622,faction3
2.4957985877990723,0.7741069793701172,faction2
2.6310408115386963,-2.2539620399475098,faction2
2.8072962760925293,1.9703447818756104,faction2
0.7599740028381348,1.4063348770141602,faction2
-1.5724282264709473,2.8684258460998535,faction3
-0.11773311346769333,-1.2588475942611694,faction2
0.8077480792999268,0.9362466335296631,faction2
0.6633839011192322,-1.9696173667907715,faction1
-3.094853401184082,2.481441020965576,faction3
2.0011134147644043,0.11837296932935715,faction2
-0.81552654504776,-4.657315254211426,faction1
-0.16225671768188477,-3.369804620742798,faction1
2.553877830505371,-1.5953108072280884,faction2
0.48585671186447144,-4.1983418464660645,faction1
-0.9275480508804321,-3.1817240715026855,faction1
-0.5612812042236328,1.9051952362060547,faction3
3.024672746658325,-2.259775400161743,faction2
1.225050449371338,-2.949869155883789,faction2
2.2052202224731445,-1.0605125427246094,faction2
0.4299716353416443,0.4093646705150604,faction2
-1.030510663986206,-3.360994577407837,faction1
-2.3779397010803223,3.209782838821411,faction3
-1.9581289291381836,-3.03031849861145,faction1
0.5496492385864258,0.7147893905639648,faction2
-3.03519868850708,-2.54807710647583,faction1
3.0628907680511475,-0.025262370705604553,faction2
-0.18939106166362762,-1.764481782913208,faction1
2.136695146560669,1.0480860471725464,faction2
-0.2719406485557556,-1.2529776096343994,faction2
1.0756030082702637,-0.9504690170288086,faction2
2.614015579223633,-3.0736470222473145,faction2
3.9959053993225098,-1.9095373153686523,faction2
-0.7794018387794495,-2.6425282955169678,faction1
3.1112945079803467,-2.114288568496704,faction2
2.843947410583496,1.2498846054077148,faction2
1.4779959917068481,-1.0837105512619019,faction2
2.423125743865967,0.9303873777389526,faction2
-1.2512162923812866,-2.4359707832336426,faction1
1.6302306652069092,-2.088893413543701,faction2
-3.189222812652588,3.9577460289001465,faction3
0.7378736734390259,-1.6095900535583496,faction1
-1.7984710931777954,0.7220944762229919,faction3
1.677851676940918,-2.186544179916382,faction1
-2.8558523654937744,3.1277194023132324,faction3
-0.8230254650115967,-3.692819595336914,faction1
1.1456998586654663,-3.044222116470337,faction2
0.942507803440094,-2.020540237426758,faction2
-1.7997157573699951,1.2620549201965332,faction3
-2.5171473026275635,1.3949475288391113,faction3
-0.24421948194503784,-1.4437576532363892,faction1
0.13396088778972626,-1.5155603885650635,faction1
-2.4990503787994385,1.2753119468688965,faction3
-1.2848634719848633,-3.184480667114258,faction1
0.6051705479621887,-3.544938087463379,faction1
0.659087061882019,-2.9878857135772705,faction1
3.048903465270996,1.897783637046814,faction2
2.0845439434051514,-2.188507080078125,faction1
-2.105652093887329,-2.425464630126953,faction1
0.035052135586738586,-3.7935476303100586,faction1
-2.0390336513519287,1.1709388494491577,faction3
1.8361406326293945,-1.3598185777664185,faction2
0.05061379075050354,-2.3817520141601562,faction1
0.11216358840465546,-1.2484909296035767,faction2
1.3368741273880005,-0.026729829609394073,faction2
2.2363452911376953,-0.8152771592140198,faction2
1.8980183601379395,-2.055539608001709,faction2
-0.42266952991485596,-4.012983322143555,faction1
2.2345316410064697,0.3958872854709625,faction2
-1.5962809324264526,-4.2211527824401855,faction1
-2.3308680057525635,1.122015118598938,faction3
-1.3833601474761963,0.5169342756271362,faction3
1.738710880279541,1.3113727569580078,faction2
-0.3347468376159668,-4.423412799835205,faction1
1.5012812614440918,-0.6479775905609131,faction2
-0.10503438115119934,-3.0451011657714844,faction1
-1.6661596298217773,-0.06672307848930359,faction3
3.6479461193084717,-2.1577136516571045,faction2
2.0296542644500732,-1.4122306108474731,faction2
1.9556704759597778,-0.4870910048484802,faction2
1.3533539772033691,-1.1725399494171143,faction2
2.044661283493042,-1.5170096158981323,faction2
2.4335455894470215,-2.4578444957733154,faction2
